date,theta,tau,ae_error,regime_label,llm_macro,llm_sentiment,llm_risk,r_event,edge_event_minus_normal,week_return_fused,regret_ema_norm,w_event_0,w_event_1,w_event_2,w_event_3,w_event_4,w_event_5,w_event_6,w_event_7,w_fused_0,w_fused_1,w_fused_2,w_fused_3,w_fused_4,w_fused_5,w_fused_6,w_fused_7
2023-01-06,0.5330924391746521,15.0,9.99757194519043,bull_normal,59.0,63.3,33.7,0.0,0.0,0.0,0.0,0.21614385523375393,0.2152862583748901,0.16210789142531543,0.09334415691307157,0.09051868220915688,0.09180646376727566,0.06636771089038941,0.06442498118614712,0.21614385501761005,0.2152862581596038,0.16210789126320752,0.09334415681972741,0.09051868211863819,0.0918064636754692,0.0663677108240217,0.06442498112172212
2023-01-13,0.3841691017150879,15.0,6.9903154373168945,bull_normal,53.9,57.5,40.55,0.017077450587140917,0.017077450587140917,0.017077450570063466,0.0,0.20650022569992768,0.21223763831513873,0.15487516927494574,0.09793499888518162,0.09474815483074488,0.0938114840639234,0.07035861304794254,0.06953371588219541,0.20650022549342745,0.21223763810290108,0.15487516912007057,0.09793499878724661,0.09474815473599671,0.09381148397011191,0.07035861297758392,0.06953371581266168
2023-01-20,0.5756224393844604,15.0,12.118915557861328,bull_normal,55.25,58.85,43.45,0.009952782879071356,0.009952782879071356,0.009952782869118573,0.0,0.21605127276818004,0.24042641766926903,0.162038454576135,0.09664251468099759,0.08242554867983089,0.08145986348936443,0.0610948976170233,0.059861030519199755,0.21605127255212875,0.2404264174288426,0.16203845441409653,0.09664251458435506,0.08242554859740533,0.08145986340790456,0.0610948975559284,0.05986103045933872
2023-01-27,0.5927945673465729,15.0,12.118915557861328,bull_normal,52.0,64.0,37.75,0.0,0.0,0.0,0.0,0.21607858260369917,0.237706398434859,0.16205893695277435,0.09620971404191327,0.08362033191585562,0.08224341828489286,0.06168256371366964,0.06040005405233613,0.21607858238762057,0.23770639819715259,0.1620589367907154,0.09620971394570355,0.08362033183223529,0.08224341820264944,0.06168256365198707,0.06040005399193607
2023-02-03,0.5761229991912842,15.0,11.611235618591309,bull_normal,52.55,64.45,38.5,0.0032278791146629613,0.0032278791146629613,0.003227879111435082,0.0,0.21437918284785218,0.23503005312351377,0.1607843871358891,0.09649476069173496,0.08522429345364546,0.08381097218921617,0.06285822914191212,0.061418121416236204,0.21437918263347297,0.2350300528884837,0.1607843869751047,0.09649476059524019,0.08522429336842116,0.08381097210540518,0.06285822907905389,0.06141812135481808
2023-02-10,0.39289796352386475,15.0,6.392075538635254,bull_normal,54.9,62.6,35.3,-0.005277256150463635,-0.005277256150463635,-0.005277256145186378,0.0,0.20560983552825002,0.20655945825348915,0.1542073766461875,0.09673914745582612,0.09754965811953617,0.0966736769529653,0.0720005370456267,0.07066030999811901,0.20560983532264016,0.20655945804692968,0.1542073764919801,0.09673914735908697,0.09754965802198651,0.09667367685629162,0.07200053697362616,0.0706603099274587
2023-02-17,0.3929992914199829,15.0,7.576375484466553,bull_normal,52.0,57.0,40.75,-0.011197193557758459,-0.011197193557758459,-0.011197193546561263,0.0,0.20986203697517444,0.21275462585402607,0.15739652773138083,0.09733692118793522,0.09257731998517194,0.09299248166737524,0.06883051844488199,0.06824956815405443,0.2098620367653124,0.21275462564127143,0.15739652757398429,0.09733692109059829,0.09257731989259461,0.09299248157438275,0.06883051837605146,0.06824956808580486
2023-02-24,0.5308626294136047,15.0,11.402806282043457,bull_normal,52.8,58.5,43.65,0.00647235573538735,0.00647235573538735,0.006472355728914995,0.0,0.21879567494441585,0.23159538274971422,0.16409675620831188,0.095847187873176,0.08296080683990002,0.08437834336762416,0.061623341361360114,0.060702506655497784,0.21879567472562014,0.23159538251811881,0.16409675604421511,0.09584718777732881,0.0829608067569392,0.08437834328324581,0.06162334129973677,0.06070250659479527
2023-03-03,0.5057962238788605,15.0,10.203221321105957,bull_normal,52.8,62.0,37.25,0.0027189122669051694,0.0027189122669051694,0.002718912264186257,0.0,0.224957421826746,0.2133795742534232,0.1687180663700595,0.0921481272694066,0.08510335402374916,0.09105312025070161,0.06286441873088343,0.061775917275030574,0.22495742160178855,0.2133795740400436,0.16871806620134144,0.09214812717725847,0.0851033539386458,0.09105312015964849,0.062864418668019,0.06177591721325465
2023-03-10,0.5309543013572693,15.0,10.918230056762695,bull_normal,53.25,61.4,39.55,-0.015602589367116709,-0.015602589367116709,-0.01560258935151412,0.0,0.21744766507978866,0.22640798593547584,0.1630857488098415,0.09535727455920104,0.08559023857880568,0.08669394923557165,0.06329673427344097,0.06212040352787465,0.217447664862341,0.22640798570906784,0.16308574864675573,0.09535727446384376,0.08559023849321544,0.0866939491488777,0.06329673421014423,0.062120403465754245
2023-03-17,0.888561449944973,15.0,18.720111846923828,event_stress,53.92,62.02,41.2,-0.006043270608182085,-0.006043270608182085,-0.006043270602138813,0.0,0.23479818336829342,0.3056211839829246,0.17609863752622004,0.08971769490357173,0.056170554725322126,0.055397024675505,0.04154776850662875,0.04064895231153436,0.2347981831334952,0.3056211836773034,0.17609863735012138,0.08971769481385403,0.056170554669151565,0.055397024620107975,0.04154776846508098,0.040648952270885406
2023-03-24,1.4174333214759827,15.0,30.247432708740234,event_stress,54.5,57.0,47.25,-0.011275318307092849,-0.011275318307092849,-0.011275318295817531,0.0,0.26179947455653035,0.40000000059850577,0.19634960591739764,0.07027539809372021,0.020545156230056497,0.020465233190847514,0.015348924893135631,0.015216206519806277,0.26179947429473094,0.40000000019850585,0.19634960572104806,0.07027539802344483,0.020545156209511344,0.020465233170382284,0.015348924877786708,0.015216206504590072
2023-03-31,1.0230708606541157,15.0,21.684391021728516,event_stress,55.870000000000005,58.4,49.25,0.0030110807684278003,0.0030110807684278003,0.0030110807654167193,0.0,0.2392975317302768,0.3486784330803631,0.1794731487977076,0.08451943956904745,0.042708613759406364,0.04239166090995086,0.031793745682463154,0.03113742647078467,0.23929753149097924,0.34867843273168464,0.17947314861823443,0.084519439484528,0.04270861371669775,0.042391660867559196,0.031793745650669406,0.03113742643964724
2023-04-07,1.8187355995178223,15.0,25.522829055786133,event_stress,53.1,58.3,32.3,0.015691158708012378,0.015691158708012378,0.015691158692321218,0.0,0.272932776595162,0.40000000086261117,0.20469958244637154,0.06430699414639071,0.016831019407142062,0.016540584820114487,0.012405438615085869,0.012283603107122128,0.27293277632222923,0.40000000046261114,0.20469958224167195,0.06430699408208371,0.016831019390311043,0.016540584803573902,0.01240543860268043,0.012283603094838523
2023-04-14,1.6779545545578003,15.0,20.735706329345703,event_stress,53.9,56.45,35.2,-0.009492566586435526,-0.009492566586435526,-0.009492566576942961,0.0,0.2527922818711775,0.4000000005254014,0.18959421140338323,0.06921704549559768,0.02573958569908601,0.025170961114570883,0.01887822083592816,0.018607693054854903,0.2527922816183853,0.4000000001254015,0.18959421121378905,0.06921704542638064,0.02573958567334643,0.025170961089399924,0.018878220817049943,0.01860769303624721
2023-04-21,1.3692930340766907,15.0,12.674759864807129,bull_normal,57.3,59.0,40.75,-0.02179481744496365,-0.02179481744496365,-0.02179481742316883,0.0,0.23374714805966929,0.2970467072000946,0.17531036104475195,0.08736524469797945,0.06109614641466307,0.059075169958742735,0.04430637746905705,0.04205284515504181,0.23374714782592212,0.29704670690304785,0.17531036086944157,0.08736524461061419,0.06109614635356692,0.05907516989966756,0.04430637742475067,0.042052845112988964
2023-04-28,1.4163540601730347,15.0,12.092916488647461,bull_normal,58.5,57.0,52.25,0.005770743531519898,0.005770743531519898,0.005770743525749153,0.0,0.22681895399518578,0.3215349741238775,0.1701142154963893,0.08953967487757057,0.056359214413495916,0.05540364083920344,0.041489120846929836,0.038740205407347766,0.2268189537683668,0.32153497380234247,0.17011421532627508,0.08953967478803089,0.0563592143571367,0.05540364078379979,0.04148912080544071,0.03874020536860756
2023-05-05,1.4780773520469666,15.0,13.136809349060059,bull_normal,59.1,57.5,51.75,0.00037598621698565685,0.00037598621698565685,0.00037598621660967044,0.0,0.22907421577436604,0.3365661116323834,0.17180566183077453,0.08720397395597207,0.05159549651829941,0.050545948674005886,0.037909461505504415,0.03529913010869414,0.22907421554529186,0.33656611129581737,0.1718056616589689,0.0872039738687681,0.051595496466703916,0.050545948623459944,0.03790946146759496,0.03529913007339502
2023-05-12,0.827485203742981,15.0,5.676356315612793,bull_normal,55.8,53.0,40.75,-0.009291647717465993,-0.009291647717465993,-0.009291647708174344,0.0,0.21675564128364008,0.21677213202652568,0.16256673096273003,0.09369449278357513,0.08970194865342294,0.08973106510686255,0.06598914503554819,0.06478884414769538,0.2167556410668844,0.21677213180975352,0.1625667308001633,0.09369449268988063,0.08970194856372099,0.08973106501713148,0.06598914496955904,0.06478884408290653
2023-05-19,0.9509041011333466,15.0,7.348682880401611,bull_normal,56.15,54.1,39.949999999999996,-0.0013182689594821502,-0.0013182689594821502,-0.00131826895816388,0.0,0.21814049477438882,0.2296552593991354,0.1636053710807916,0.09352948393515487,0.08617364436099716,0.08415981529932708,0.0631198614744953,0.061616069675709845,0.21814049455624832,0.22965525916948012,0.16360537091718622,0.09352948384162538,0.0861736442748235,0.08415981521516726,0.06311986141137543,0.06161606961409377
2023-05-26,0.8526715189218521,15.0,5.9107208251953125,bull_normal,55.71,53.31,41.55,-0.008951857788447367,-0.008951857788447367,-0.008951857779495509,0.0,0.2151435291072513,0.22149283091823768,0.16135764683043846,0.09450825375021604,0.08927085035843474,0.08818339091566212,0.06568433099786128,0.06435916712189847,0.21514352889210775,0.22149283069674483,0.1613576466690808,0.09450825365570778,0.08927085026916388,0.08818339082747871,0.06568433093217695,0.0643591670575393
2023-06-02,1.0382890664041042,15.0,7.648532867431641,bull_normal,54.6,61.5,38.2,0.0030699958209692403,0.0030699958209692403,0.0030699958178992443,0.0,0.2152040236203808,0.2333021098674932,0.1614030177152856,0.09324955058219905,0.08779041665206705,0.08476183353581491,0.06357137515186119,0.060717672874898314,0.21520402340517675,0.23330210963419107,0.16140301755388256,0.09324955048894949,0.08779041656427662,0.08476183345105308,0.0635713750882898,0.06071767281418063
2023-06-09,0.8750016689300537,15.0,4.925376892089844,bull_normal,55.489999999999995,62.17999999999999,39.5,0.003247230395144685,0.003247230395144685,0.003247230391897455,0.0,0.20593557215161223,0.2164396530973708,0.1544516791137092,0.09478754717506256,0.09701087628332201,0.09390131597644705,0.07042598698233528,0.06704736922014094,0.20593557194567663,0.21643965288093112,0.1544516789592575,0.09478754708027501,0.09701087618631113,0.09390131588254573,0.07042598691190928,0.06704736915309356
2023-06-16,1.4493859112262726,15.0,14.67980670928955,bull_normal,53.5,59.0,37.75,0.035008899974859085,0.035008899974859085,0.03500889993985017,0.0,0.249385734192842,0.3128113053619272,0.18703930064463145,0.08175063071705538,0.04912120874304069,0.049521508404937735,0.03573309236820891,0.0346372195673567,0.24938573394345623,0.31281130504911586,0.18703930045759212,0.08175063063530474,0.04912120869391948,0.04952150835541622,0.03573309233247581,0.034637219532719477
2023-06-23,1.6958052515983582,15.0,19.981809616088867,event_stress,54.05,59.7,37.75,0.0067802232808938075,0.0067802232808938075,0.0067802232741135835,0.0,0.27262572073672264,0.3720289087344574,0.20446929055254195,0.06364304232198273,0.024439248691779866,0.02752995005507409,0.01787743085376917,0.017386408053672284,0.2726257204640969,0.3720289083624284,0.20446929034807265,0.06364304225833968,0.024439248667340617,0.027529950027544135,0.017877430835891737,0.017386408036285876
2023-06-30,1.1791934669017792,15.0,9.843460083007812,bull_normal,54.410000000000004,59.81,39.75,-0.005830961372044521,-0.005830961372044521,-0.005830961366213561,0.0,0.22421371080993457,0.2582550016456864,0.1681602831074509,0.09182485860656701,0.07594721930995289,0.07355531073814504,0.055166483053608786,0.05287713272865434,0.2242137105857209,0.2582550013874314,0.16816028293929064,0.09182485851474217,0.07594721923400569,0.07355531066458974,0.05516648299844231,0.05287713267577721
2023-07-07,1.2548091411590576,15.0,17.522512435913086,event_stress,61.3,60.0,51.3,0.017503937216293987,0.017503937216293987,0.017503937198790048,0.0,0.23616141548981168,0.3497020388519643,0.17712106161735877,0.08371955108116808,0.04470646827197742,0.04450847500102375,0.03295051276513265,0.031130476921563326,0.23616141525365025,0.3497020385022623,0.1771210614402377,0.08371955099744852,0.044706468227270944,0.04450847495651527,0.032950512732182136,0.031130476890432846
2023-07-14,1.0471352636814117,15.0,14.594808578491211,bull_normal,60.739999999999995,59.25,52.074999999999996,0.015095477472641667,0.015095477472641667,0.015095477457546191,0.0,0.2327184673643486,0.2993980033047703,0.1745388505232614,0.08927846239194055,0.05900451277988051,0.060319926982443726,0.043548567759877525,0.04119320889347755,0.2327184671316301,0.2993980030053723,0.17453885034872255,0.08927846230266208,0.05900451272087599,0.0603199269221238,0.04354856771632895,0.041193208852284335
2023-07-21,1.4873005747795105,15.0,21.4157772064209,event_stress,60.96,59.77,52.9,0.004838518022416448,0.004838518022416448,0.0048385180175779295,0.0,0.24677014755426813,0.40000000063658175,0.18507761066570103,0.07252731887837435,0.02757444136871925,0.028189591198086724,0.02040996718668856,0.019450922511580166,0.24677014730749797,0.4000000002365817,0.1850776104806234,0.07252731880584702,0.02757444134114481,0.02818959116989713,0.020409967166278593,0.019450922492129243
2023-07-28,1.259504646062851,15.0,17.502717971801758,event_stress,59.7,61.6,48.2,0.028049569704340197,0.028049569704340197,0.02804956967629062,0.0,0.2358002593850207,0.34782152154129753,0.17685019453876555,0.08401447852432388,0.04553024212266162,0.044828081770596814,0.03346357084297883,0.0316916512743552,0.23580025914922037,0.3478215211934759,0.1768501943619153,0.08401447844030938,0.04553024207713137,0.04482808172576872,0.03346357080951525,0.031691651242663536
2023-08-04,0.8334652930498123,15.0,12.580978393554688,bull_normal,54.5,62.0,35.3,0.007147796083717566,0.007147796083717566,0.00714779607656977,0.0,0.22899236388299118,0.24705308871361756,0.17174427291224334,0.09126085426785409,0.0756432260929382,0.07618720343667781,0.05532423242459753,0.053794758269080305,0.2289923636539988,0.24705308846656446,0.17174427274049905,0.09126085417659323,0.07564322601729498,0.0761872033604906,0.05532423236927329,0.053794758215285544
2023-08-11,0.8666404038667679,15.0,10.699954986572266,bull_normal,62.5,65.2,52.25,-0.015164078906902762,-0.015164078906902762,-0.015164078891738682,0.0,0.21430896090533635,0.260850380052124,0.16073172067900224,0.09464103564361334,0.07901254332864888,0.0790786127772724,0.05788251191840181,0.05349423469560102,0.21430896069102737,0.2608503797912736,0.1607317205182705,0.0946410355489723,0.07901254324963633,0.07907861269819379,0.05788251186051929,0.053494234642106786
2023-08-18,1.1114887446165085,15.0,14.360876083374023,bull_normal,61.3,63.8,55.75,-0.0001518806793482151,-0.0001518806793482151,-0.00015188067919633477,0.0,0.22171964229168567,0.3189966020252541,0.16628973171876424,0.09162857599749166,0.05925473845089407,0.05815778797112401,0.043618340978343,0.04033458056644331,0.221719642069966,0.3189966017062575,0.1662897315524745,0.09162857590586308,0.05925473839163933,0.05815778791296622,0.04361834093472466,0.04033458052610873
2023-08-25,0.5680220127105713,15.0,7.645887851715088,bull_normal,58.7,59.6,49.25,-0.008241332962242925,-0.008241332962242925,-0.00824133295400159,0.0,0.20660304297521737,0.2282813193828968,0.154952282231413,0.09795911222580475,0.09074811643418836,0.08956571286656649,0.06717428464992486,0.06471612923398834,0.2066030427686143,0.22828131915461547,0.1549522820764607,0.09795911212784562,0.09074811634344024,0.08956571277700077,0.06717428458275057,0.0647161291692722
2023-09-01,1.069329783320427,15.0,14.92121696472168,bull_normal,59.4,61.1,48.75,0.01532420271415219,0.01532420271415219,0.015324202698827985,0.0,0.23954443144688453,0.29436527550430525,0.17965832358516334,0.08685989705778392,0.05731336645754393,0.060162317879407075,0.04215563640691366,0.0399407516619984,0.2395444312073401,0.29436527520993994,0.179658323405505,0.08685989697092401,0.05731336640023056,0.060162317819244755,0.04215563636475802,0.039940751622057645
2023-09-08,0.975106131285429,15.0,14.61082649230957,bull_normal,54.5,56.5,52.25,-0.009964742375121148,-0.009964742375121148,-0.00996474236515641,0.0,0.22842733930618223,0.3004714310584449,0.17132050447963665,0.0927396508378705,0.05983381929602876,0.05939894478021117,0.04454920858515837,0.0432591016564673,0.22842733907775492,0.30047143075797356,0.17132050430831616,0.09273965074513087,0.05983381923619495,0.05939894472081223,0.04454920854060917,0.0432591016132082
2023-09-15,0.5595399141311646,15.0,7.95086669921875,bull_normal,55.45,58.08,51.27499999999999,-0.003749173790092626,-0.003749173790092626,-0.003749173786343452,0.0,0.2082879687973795,0.23183570043448143,0.15621597659803463,0.09871863630586754,0.0881602936254407,0.08743875788759661,0.06557906841569745,0.06376359793550206,0.20828796858909152,0.2318357002026457,0.15621597644181864,0.0987186362071489,0.0881602935372804,0.08743875780015785,0.06557906835011838,0.06376359787173845
2023-09-22,0.7396951615810394,15.0,10.45500373840332,bull_normal,56.5,59.9,52.25,-0.0019945601233395606,-0.0019945601233395606,-0.001994560121345002,0.0,0.2136005313212082,0.2548307145309808,0.16020039849090614,0.09743459424341998,0.07958280759460125,0.07868960197710921,0.0590172014828319,0.05664415035894252,0.21360053110760766,0.25483071427615006,0.16020039833070573,0.09743459414598538,0.07958280751501844,0.0786896018984196,0.05901720142381469,0.056644150302298364
2023-09-29,1.8151658177375793,15.0,28.579421997070312,event_stress,68.5,68.8,47.0,-0.003158068826928769,-0.003158068826928769,-0.0031580688237707,0.0,0.27603555439684463,0.40000000056846363,0.20702666579763365,0.06499118985468093,0.015170622215369588,0.014912847442963393,0.01118463558222254,0.010678484141821654,0.27603555412080905,0.4000000001684636,0.20702666559060698,0.06499118978968974,0.015170622200198965,0.014912847428050545,0.011184635571037903,0.010678484131143168
2023-10-06,1.9785745739936829,15.0,28.579421997070312,event_stress,68.44,67.78,48.074999999999996,0.0,0.0,0.0,0.0,0.28259012801422934,0.4000000007352137,0.21194259601067195,0.0621792660400751,0.012655035900537591,0.012433241115003732,0.009324930836252793,0.008874801348015807,0.28259012773163916,0.40000000033521366,0.21194259579872934,0.06217926597789583,0.012655035887882554,0.01243324110257049,0.009324930826927862,0.008874801339141005
2023-10-13,1.8583971858024597,15.0,18.229501724243164,event_stress,62.0,62.5,53.75,-0.014599228716561195,-0.014599228716561195,-0.014599228701961963,0.0,0.24525428907601077,0.40000000049388573,0.183940716807008,0.07559252778254805,0.02823864352276854,0.027532586288427606,0.020649439716320703,0.01879179631303064,0.24525428883075645,0.4000000000938857,0.18394071662306727,0.07559252770695551,0.028238643494529894,0.02753258626089502,0.020649439695671262,0.01879179629423884
2023-10-20,1.989391565322876,15.0,34.35128402709961,event_stress,63.6,59.15,52.949999999999996,-0.0174214564403379,-0.0174214564403379,-0.017421456422916443,0.0,0.2907719034086328,0.4000000009061848,0.21807892755647457,0.058326109889364666,0.009442335188005602,0.009398779976973987,0.007049084982730492,0.00693285809163309,0.2907719031178609,0.4000000005061848,0.21807892733839562,0.05832610983103855,0.009442335178563266,0.009398779967575207,0.007049084975681407,0.006932858084700231
2023-10-27,1.886763572692871,15.0,19.56792640686035,event_stress,63.910000000000004,58.760000000000005,53.5,0.009543913172067575,0.009543913172067575,0.009543913162523662,0.0,0.25392056772748384,0.40000000067060815,0.19044042579561277,0.07275855569365189,0.02443733364938752,0.023923857742989885,0.01794289330724241,0.016576365413023472,0.25392056747356323,0.4000000002706081,0.19044042560517233,0.07275855562089333,0.024437333624950187,0.023923857719066025,0.017942893289299516,0.016576365396447107
2023-11-03,1.8694831728935242,15.0,18.612539291381836,event_stress,68.3,65.5,42.7,0.014540945920950385,0.014540945920950385,0.014540945906409444,0.0,0.2463412224432956,0.4000000004031906,0.18475591683247167,0.06918429775414582,0.029922287658679818,0.02931844212326395,0.02137070440554534,0.01910712837940719,0.2463412221969544,0.4000000000031907,0.1847559166477158,0.06918429768496154,0.029922287628757534,0.029318442093945515,0.02137070438417464,0.019107128360300065
2023-11-10,1.580266296863556,15.0,14.733528137207031,bull_normal,53.5,54.0,45.25,0.00022573290549488526,0.00022573290549488526,0.00022573290526915217,0.0,0.24293215321994222,0.3477017488285092,0.18219911491495663,0.08206939258857668,0.04215570630271034,0.04146922648131721,0.031101919860987905,0.030370737802999877,0.24293215297700999,0.3477017484808073,0.18219911473275746,0.08206939250650726,0.04215570626055462,0.041469226439847975,0.031101919829885975,0.03037073777262913
2023-11-17,1.46885746717453,15.0,10.714683532714844,bull_normal,66.6,63.3,42.25,0.0012002821866747217,0.0012002821866747217,0.0012002821854744392,0.0,0.21929592771755144,0.28194833999013524,0.16447194578816357,0.08708963141081266,0.07555055704863554,0.07122881888375675,0.053421614162817564,0.0469931649981272,0.2192959274982555,0.2819483397081869,0.1644719456236916,0.08708963132372302,0.07555055697308498,0.07122881881252792,0.05342161410939594,0.04699316495113404
2023-11-24,1.8696136474609375,15.0,19.72258949279785,event_stress,67.32000000000001,62.65,41.75,-0.011864296248678534,-0.011864296248678534,-0.011864296236814236,0.0,0.2513849382794201,0.400000000906287,0.188538703709565,0.06961756454451022,0.027102015425619214,0.026003024551208936,0.019502268413406694,0.017851484169982876,0.25138493802803513,0.400000000506287,0.18853870352102628,0.06961756447489265,0.027102015398517195,0.02600302452520591,0.019502268393904423,0.01785148415213139
2023-12-01,1.4072303473949432,15.0,10.297637939453125,bull_normal,67.56,62.760000000000005,40.849999999999994,-0.011609568412096217,-0.011609568412096217,-0.011609568400486645,0.0,0.21802232708806846,0.26927044265268973,0.16351674531605134,0.08722837845174829,0.08009591089991518,0.07540591628620878,0.05655443721465658,0.04990584209066165,0.2180223268700461,0.2692704423834193,0.1635167451525346,0.0872283783645199,0.08009591081981926,0.07540591621080286,0.05655443715810214,0.04990584204075581
2023-12-08,1.7977521419525146,15.0,17.09111785888672,event_stress,61.4,60.0,51.75,-0.004043868142477656,-0.004043868142477656,-0.004043868138433789,0.0,0.2382633983947405,0.40000000043106737,0.1786975487960553,0.0758834193822776,0.03172413603662642,0.030929707299645268,0.023197280474733947,0.021304509184853604,0.2382633981564771,0.40000000003106734,0.17869754861735773,0.07588341930639418,0.03172413600490228,0.030929707268715557,0.023197280451536666,0.021304509163549094
2023-12-15,1.1128051429986954,15.0,7.0100908279418945,bull_normal,61.5,62.3,45.3,-0.006844512078753883,-0.006844512078753883,-0.0068445120719093705,0.0,0.20716751982507872,0.24277390517100483,0.155375639868809,0.09366360764930518,0.09011885211113675,0.086644919166251,0.06498368937468824,0.059271866833726275,0.2071675196179112,0.24277390492823092,0.15537563971343335,0.09366360755564156,0.0901188520210179,0.08664491907960607,0.06498368930970454,0.0592718667744544
2023-12-22,1.3042001724243164,15.0,8.874263763427734,bull_normal,62.5,61.7,46.8,-0.010716853637872234,-0.010716853637872234,-0.010716853627155382,0.0,0.21327653549661857,0.2689125343727472,0.15995740162246389,0.09191482637159745,0.0799250938745812,0.07669090624900314,0.05751817968675235,0.051804522326236314,0.213276535283342,0.26891253410383464,0.15995740146250648,0.09191482627968262,0.07992509379465611,0.07669090617231222,0.05751817962923417,0.05180452227443179
2023-12-29,1.854177713394165,15.0,17.769758224487305,event_stress,63.95,64.15,45.949999999999996,0.013387300226886875,0.013387300226886875,0.01338730021349957,0.0,0.24268407380000973,0.40000000086389353,0.18201305535000725,0.07177069913001961,0.030891595511097034,0.03029147921477641,0.02224674085474814,0.02010235527544839,0.24268407355732557,0.4000000004638934,0.18201305516799415,0.0717706990582489,0.03089159548020543,0.030291479184484923,0.022246740832501395,0.020102355255346028
2024-01-05,1.9413672089576721,15.0,12.151544570922852,bull_normal,65.31,65.51,44.8,-0.02705633885410215,-0.02705633885410215,-0.027056338827045806,0.0,0.22331556043504155,0.34377727051184687,0.16748667032628115,0.0813103793810328,0.057065444228880394,0.05333490281413078,0.039937210898789544,0.03377256140399687,0.22331556021172597,0.3437772701680696,0.16748667015879445,0.08131037929972242,0.057065444171814944,0.053334902760795874,0.03993721085885233,0.03377256137022431
2024-01-12,1.9974268674850464,15.0,26.5919132232666,event_stress,64.8,60.0,54.25,-0.02362660357832396,-0.02362660357832396,-0.02362660355469736,0.0,0.28309730392394505,0.40000000062490787,0.21232297794295868,0.06076130170212075,0.012594951420252016,0.012976491066747526,0.009333334522200469,0.00891363879686764,0.2830973036408478,0.40000000022490795,0.21232297773063574,0.060761301641359455,0.012594951407657066,0.012976491053771036,0.009333334512867136,0.008913638787954002
2024-01-19,1.9977567791938782,15.0,26.694313049316406,event_stress,65.5,61.2,53.39999999999999,-0.0120150928159114,-0.0120150928159114,-0.012015092803896307,0.0,0.28249725665282355,0.40000000064509283,0.2118729424896176,0.06136040790351212,0.01278215186584656,0.013016777207084346,0.009458254640773073,0.009012208595249998,0.28249725637032624,0.4000000002450928,0.21187294227774464,0.06136040784215171,0.012782151853064408,0.013016777194067568,0.009458254631314817,0.009012208586237788
2024-01-26,1.9890373945236206,15.0,18.67559814453125,event_stress,60.5,63.0,52.5,0.003451100663567588,0.003451100663567588,0.003451100660116488,0.0,0.2666674738314852,0.4000000008468554,0.20000060537361386,0.06048192600261011,0.020388522488555178,0.023984863050705976,0.014892303962848756,0.013584304443325463,0.2666674735648178,0.40000000044685546,0.2000006051736133,0.060481925942128194,0.020388522468166657,0.023984863026721117,0.014892303947956454,0.013584304429741161
2024-02-02,1.9711970686912537,15.0,15.84172248840332,event_stress,54.0,59.3,50.25,-0.02554001771907933,-0.02554001771907933,-0.025540017693539308,0.0,0.25009790534668475,0.3965590158719188,0.18757342901001353,0.06991497463142998,0.027402432373396724,0.029387582682792235,0.02014013521977319,0.018924524863990894,0.2500979050965868,0.3965590154753597,0.18757342882244007,0.069914974561515,0.02740243234599429,0.02938758265340465,0.020140135199633053,0.01892452484506637
2024-02-09,1.9995135068893433,15.0,34.72543716430664,event_stress,66.5,68.1,44.25,0.031884851368047466,0.031884851368047466,0.03188485133616261,0.0,0.2923729430232277,0.4000000008506087,0.21927970726742063,0.056228164601533265,0.009211282977037737,0.009364074389930277,0.006846290667841843,0.006697536222399859,0.29237294273085473,0.4000000004506087,0.2192797070481409,0.0562281645453051,0.009211282967826452,0.009364074380566202,0.006846290660995552,0.006697536215702323
2024-02-16,1.9990938901901245,15.0,34.72543716430664,event_stress,53.0,55.0,40.75,0.0,0.0,0.0,0.0,0.29333359392930874,0.40000000082238274,0.22000019544698154,0.05559122583236632,0.00884417906259958,0.009037491796091065,0.006607553952155911,0.00658575915811405,0.29333359363597517,0.4000000004223828,0.2200001952269814,0.055591225776775104,0.008844179053755404,0.009037491787053573,0.006607553945548358,0.006585759151528292
2024-02-23,1.9989973306655884,15.0,31.359092712402344,event_stress,65.3,61.3,47.5,0.01728726693911489,0.01728726693911489,0.017287266921827613,0.0,0.2884579890051037,0.4000000008165963,0.21634349175382772,0.05905861075438581,0.010441001456337968,0.01039066153276569,0.007754107315015822,0.007554137365966992,0.2884579887166457,0.4000000004165963,0.21634349153748422,0.059058610695327196,0.010441001445896965,0.010390661522375028,0.007754107307261714,0.007554137358412854
2024-03-01,1.9962621331214905,15.0,24.144302368164062,event_stress,65.8,61.029999999999994,49.449999999999996,0.021567713705472467,0.021567713705472467,0.021567713683904755,0.0,0.281293892916251,0.40000000092124044,0.21097041968718824,0.05788494621314625,0.014157077056444776,0.01550676946820001,0.010399484838098652,0.009787408899430604,0.2812938926349571,0.4000000005212404,0.2109704194762178,0.057884946155261296,0.014157077042287698,0.015506769452693239,0.010399484827699167,0.009787408889643193
2024-03-08,1.9991211891174316,15.0,34.14191436767578,event_stress,63.7,64.8,37.75,0.020166533886994107,0.020166533886994107,0.020166533866827572,0.0,0.2908547033892046,0.40000000086648974,0.2181410275419035,0.057674532849575286,0.009625633286002392,0.00953163834203222,0.007148728756524163,0.0070237349682681,0.2908547030983499,0.4000000004664897,0.21814102732376248,0.05767453279190075,0.009625633276376758,0.009531638332500581,0.007148728749375433,0.007023734961244364
2024-03-15,1.967336654663086,15.0,16.96316146850586,event_stress,63.410000000000004,63.2,38.35,0.011005005709892927,0.011005005709892927,0.011005005698887923,0.0,0.2417706006856523,0.3979053411061762,0.18132795051423922,0.06995448673801852,0.03302842383601671,0.031274592763736536,0.023455944572802395,0.021282659783357992,0.2417706004438817,0.39790534070827094,0.1813279503329113,0.06995448666806404,0.03302842380298829,0.03127459273246195,0.023455944549346453,0.021282659762075336
2024-03-22,1.9695857763290405,15.0,16.277950286865234,event_stress,58.7,60.2,50.75,0.002950341007928287,0.002950341007928287,0.002950341004977946,0.0,0.24124215569704222,0.40000000068556985,0.18093161677278158,0.07550418891574635,0.03034060641986825,0.029524749018159328,0.022143561763619507,0.020313120727212825,0.2412421554558001,0.4000000002855699,0.18093161659184998,0.07550418884024218,0.03034060638952765,0.029524748988634584,0.02214356174147595,0.020313120706899706
2024-03-29,1.9948827624320984,15.0,25.489974975585938,event_stress,60.7,58.8,49.25,-0.012152595782022506,-0.012152595782022506,-0.012152595769869913,0.0,0.2787123155962645,0.4000000006129352,0.20903423669719856,0.06396357900735551,0.014040698440464773,0.013854740299612972,0.010391055224709726,0.010003374121458653,0.27871231531755225,0.4000000002129353,0.20903423648816435,0.06396357894339194,0.014040698426424077,0.013854740285758234,0.010391055214318672,0.01000337411145528
2024-04-05,1.9944140315055847,15.0,23.560142517089844,event_stress,57.5,62.0,40.75,0.0020398931385344605,0.0020398931385344605,0.002039893136494567,0.0,0.2751754455160501,0.400000000409324,0.2063815841370376,0.06306587818559607,0.016102988562701925,0.016130512018678034,0.0118010559986459,0.01134253517196633,0.2751754452408746,0.40000000000932395,0.206381583930656,0.06306587812253019,0.016102988546598935,0.01613051200254752,0.011801055986844843,0.011342535160623793
2024-04-12,1.9971203804016113,15.0,27.169830322265625,event_stress,59.2,61.8,37.75,-0.009388257822477857,-0.009388257822477857,-0.009388257813089596,0.0,0.2833145087307938,0.4000000005809738,0.2124858815480953,0.06008782817294946,0.012780798620268685,0.012764837508726182,0.009412309389810565,0.009153835448382256,0.28331450844747924,0.40000000018097376,0.21248588133560942,0.06008782811286163,0.012780798607487886,0.012764837495961344,0.009412309380398255,0.00915383543922842
2024-04-19,1.9932314157485962,15.0,21.603342056274414,event_stress,61.4,62.27,40.05,0.01248966166581995,0.01248966166581995,0.012489661653330283,0.0,0.26614244953441546,0.40000000080887604,0.1996068371508116,0.06638013160214688,0.020094348355774762,0.01944723008019364,0.014585422560145228,0.013743579907636385,0.26614244926827296,0.400000000408876,0.19960683695120474,0.06638013153576675,0.020094348335680412,0.019447230060746407,0.014585422545559805,0.013743579893892804
2024-04-26,1.9966245889663696,15.0,23.49871063232422,event_stress,62.0,63.0,47.25,0.010816934452527006,0.010816934452527006,0.010816934441710072,0.0,0.27242764820926574,0.40000000051186324,0.2043207361569493,0.0661757101838736,0.01677379200770517,0.016400711468174817,0.01230053360113111,0.011600867861037128,0.27242764793683805,0.4000000001118632,0.20432073595262853,0.06617571011769788,0.016773791990931375,0.016400711451774103,0.012300533588830577,0.011600867849436258
2024-05-03,1.999767005443573,15.0,38.07362747192383,event_stress,63.92,64.95,46.449999999999996,0.0038796252016282205,0.0038796252016282205,0.0038796251977485955,0.0,0.2932468306035377,0.4000000009663111,0.2199351229526532,0.056756329967180705,0.008640748609546896,0.008599683156451631,0.00644976236733872,0.006371521376980082,0.2932468303102908,0.4000000005663111,0.21993512273271804,0.05675632991042437,0.008640748600906146,0.008599683147851948,0.006449762360888957,0.00637152137060856
2024-05-10,1.995663046836853,15.0,23.418354034423828,event_stress,61.5,59.8,43.55,0.02420776812717855,0.02420776812717855,0.024207768102970782,0.0,0.2730616763897776,0.4000000004587729,0.2047962572923332,0.06501958886244613,0.016749657865390854,0.016374299563926803,0.012280724672945095,0.011717794894407507,0.2730616761167159,0.40000000005877284,0.20479625708753693,0.06501958879742653,0.016749657848641193,0.016374299547552502,0.01228072466066437,0.011717794882689711
2024-05-17,1.9622694253921509,15.0,13.979268074035645,bull_normal,59.6,63.3,45.2,0.011500697243099054,0.011500697243099054,0.011500697231598356,0.0,0.23392267106392306,0.3746348337610393,0.1754420032979423,0.07762282748273143,0.041740449432234275,0.04013255861536088,0.029827038284271266,0.026677618062497587,0.23392267083000037,0.3746348333864044,0.17544200312250027,0.07762282740510859,0.041740449390493824,0.040132558575228315,0.029827038254444226,0.026677618035819965
2024-05-24,1.98602294921875,15.0,17.988637924194336,event_stress,61.5,61.0,47.25,-0.011203017583804743,-0.011203017583804743,-0.011203017572601727,0.0,0.24974239639696685,0.4000000004342908,0.18730679729772515,0.07202520914053107,0.02708020109945472,0.026186169217514745,0.019639626913136077,0.018019599500380637,0.24974239614722443,0.40000000003429076,0.18730679711041834,0.07202520906850585,0.027080201072374518,0.026186169191328573,0.019639626893496447,0.018019599482361037
2024-05-31,1.8663449883460999,15.0,10.14683723449707,bull_normal,57.5,57.7,45.5,-0.010624070762404396,-0.010624070762404396,-0.01062407075178032,0.0,0.23065961828184403,0.3145073837541207,0.17299471371138303,0.08590550711728052,0.058601820588315465,0.0562916092138833,0.042218706910412476,0.03882064042276056,0.2306596180511844,0.31450738343961326,0.1729947135383883,0.085905507031375,0.05860182052971364,0.05629160915759168,0.04221870686819377,0.03882064038393992
2024-06-07,1.9470195770263672,15.0,13.17904281616211,bull_normal,57.3,66.4,44.25,-0.00025139662901957024,-0.00025139662901957024,-0.0002513966287681735,0.0,0.229220857804573,0.3644108192582199,0.1719156433534297,0.08072554565442644,0.0467258896490954,0.044289289857056206,0.03321696739279215,0.02949498703040718,0.22922085757535213,0.36441081889380905,0.17191564318151406,0.08072554557370089,0.04672588960236951,0.04428928981276691,0.03321696735957518,0.02949498700091219
2024-06-14,1.9617317914962769,15.0,14.338066101074219,bull_normal,63.2,56.3,51.25,-0.00733230632585347,-0.00733230632585347,-0.007332306318521165,0.0,0.23212703015582342,0.3939292472687936,0.17409527261686755,0.07646861324904727,0.0367986416613635,0.03567001942923386,0.026752514571925387,0.024158661046945435,0.23212702992369638,0.3939292468748643,0.17409527244277226,0.07646861317257865,0.03679864162456485,0.03567001939356384,0.02675251454517287,0.02415866102278677
2024-06-21,1.9804816842079163,15.0,17.327558517456055,event_stress,57.3,61.8,50.75,-0.017560777666980717,-0.017560777666980717,-0.017560777649419934,0.0,0.24710271386096502,0.4000000004701614,0.18532703539572382,0.07484471933156689,0.02743489572972849,0.026740863593427287,0.020055647695070473,0.018494123923356698,0.2471027136138623,0.40000000007016134,0.18532703521039676,0.07484471925672216,0.027434895702293592,0.02674086356668642,0.020055647675014825,0.01849412390486257
2024-06-28,1.9947428703308105,15.0,25.482322692871094,event_stress,59.5,60.0,37.25,-0.00019276026628343957,-0.00019276026628343957,-0.00019276026609067905,0.0,0.27889369469179165,0.40000000051633033,0.20917027101884378,0.0622235552150685,0.014511906144575185,0.014206789176307126,0.010655091882230348,0.010338691354853081,0.2788936944128979,0.4000000001163303,0.2091702708096735,0.06222355515284494,0.014511906130063278,0.014206789162100336,0.010655091871575255,0.01033869134451439
2024-07-05,1.9414513111114502,15.0,17.7886905670166,event_stress,64.8,66.0,36.25,-0.008716377609775141,-0.008716377609775141,-0.008716377601058763,0.0,0.2427746919504888,0.4000000006021436,0.1820810189628666,0.0691514294682478,0.032242033660420125,0.030399989146776968,0.022799991860082722,0.02055084434897338,0.2427746917077141,0.40000000020214355,0.18208101878078556,0.06915142939909637,0.03224203362817809,0.030399989116376976,0.022799991837282728,0.020550844328422534
2024-07-12,1.9713062047958374,15.0,20.161067962646484,event_stress,63.7,60.6,45.75,-0.009923610959129385,-0.009923610959129385,-0.009923610949205774,0.0,0.26911013791248195,0.4000000005843585,0.20183260343436135,0.05973154407912117,0.01973181377656713,0.021952360062162384,0.014341804386695727,0.013299735764251782,0.26911013764337177,0.40000000018435844,0.20183260323252875,0.059731544019389626,0.019731813756835314,0.02195236004021002,0.014341804372353922,0.013299735750952045
2024-07-19,1.9368438720703125,15.0,15.781641006469727,event_stress,65.22,61.02,48.05,0.005831984370299945,0.005831984370299945,0.005831984364467959,0.0,0.2335352143054422,0.40000000061740354,0.17515141072908152,0.0741636561123968,0.03534080821913274,0.03384893253520367,0.02538669940140276,0.022573278079936775,0.23353521407190694,0.4000000002174035,0.1751514105539301,0.07416365603823313,0.03534080818379193,0.033848932501354734,0.025386699376016057,0.022573278057363495
2024-07-26,1.87496018409729,15.0,14.253905296325684,bull_normal,59.6,59.2,39.5,-0.016380293056749467,-0.016380293056749467,-0.016380293040369177,0.0,0.25307519238965337,0.33930313135182305,0.18980639429224,0.07457036322123681,0.04230655988887192,0.042649016360446906,0.030241180402425277,0.02804816209330257,0.2530751921365782,0.33930313101251997,0.18980639410243363,0.07457036314666646,0.04230655984656537,0.0426490163177979,0.0302411803721841,0.02804816206525441
2024-08-02,1.8855480551719666,15.0,13.373557090759277,bull_normal,60.8,59.7,42.4,-0.009720881932506552,-0.009720881932506552,-0.009720881922785671,0.0,0.2439330308688428,0.3407938568846402,0.18294977315163208,0.07748688939120156,0.04620030836224208,0.045599896033659985,0.03299586690008302,0.030040378407698187,0.2439330306249098,0.3407938565438464,0.18294977296868234,0.07748688931371468,0.04620030831604178,0.045599895988060093,0.03299586686708716,0.030040378377657814
2024-08-09,1.894523024559021,15.0,13.455743789672852,bull_normal,59.7,59.3,47.25,-0.02064040009002333,-0.02064040009002333,-0.02064040006938293,0.0,0.23348967293205822,0.3667347351009454,0.17511725469904366,0.07988243900719258,0.04331957434762778,0.04171011511840002,0.03128258633880001,0.028463622455932387,0.23348967269856852,0.36673473473421064,0.17511725452392637,0.07988243892731013,0.0433195743043082,0.041710115076689896,0.03128258630751742,0.028463622427468763
2024-08-16,1.8955386281013489,15.0,13.440649032592773,bull_normal,62.2,60.8,44.25,-0.012248434154588303,-0.012248434154588303,-0.01224843414233987,0.0,0.2340283839328235,0.356152566574752,0.1755212879496176,0.07925819234331298,0.046934450637923286,0.04464015824594095,0.03348011868445571,0.029984841631173903,0.23402838369879508,0.3561525662185994,0.1755212877740963,0.07925819226405478,0.04693445059098883,0.04464015820130079,0.03348011865097559,0.02998484160118906
2024-08-23,1.7113006114959717,15.0,8.606009483337402,bull_normal,62.7,60.95,45.55,-0.004531098865467052,-0.004531098865467052,-0.0045310988609359535,0.0,0.21641579185837717,0.2841079305551483,0.16231184389378286,0.0882602341259047,0.07599860857575398,0.0718459965029934,0.053884497377245044,0.047175097110794505,0.21641579164196137,0.28410793027104037,0.162311843731471,0.08826023403764445,0.07599860849975537,0.0718459964311474,0.05388449732336054,0.0471750970636194
2024-08-30,1.9493194818496704,15.0,18.099489212036133,event_stress,59.3,59.5,45.25,0.014123977455270472,0.014123977455270472,0.014123977441146499,0.0,0.2503295835394387,0.4000000008257456,0.18774718765457904,0.07134934131731692,0.02681302721053765,0.02600858462837377,0.01950643847128032,0.018245836352727907,0.25032958328910915,0.4000000004257457,0.1877471874668319,0.07134934124596759,0.026813027183724625,0.02600858460236519,0.019506438451773887,0.018245836334482072
2024-09-06,1.9576563835144043,15.0,18.387165069580078,event_stress,60.55,60.45,44.449999999999996,-0.0003328254505918328,-0.0003328254505918328,-0.0003328254502590073,0.0,0.2512498055037291,0.4000000009141456,0.18843735412779686,0.07081615824305948,0.026587060587062665,0.02570612200796226,0.01927959150597169,0.01792390711027239,0.2512498052524793,0.4000000005141456,0.18843735393935948,0.07081615817224332,0.026587060560475603,0.025706121982256136,0.0192795914866921,0.017923907092348482
2024-09-13,1.8338173627853394,15.0,11.201461791992188,bull_normal,59.2,59.7,52.25,-0.014148125518910653,-0.014148125518910653,-0.014148125504762526,0.0,0.22267725364329297,0.3503119194305745,0.1670079402324697,0.08639752252628267,0.05190608234029356,0.05028378520896669,0.03771283890672501,0.03370265771139497,0.2226772534206157,0.35031191908026255,0.16700794006546174,0.08639752243988515,0.05190608228838748,0.0502837851586829,0.03771283886901217,0.03370265767769231
2024-09-20,1.952358603477478,15.0,17.48356819152832,event_stress,64.0,62.0,42.25,0.0029103434813714858,0.0029103434813714858,0.002910343478461143,0.0,0.24409400213798646,0.4000000009363633,0.18307050160348978,0.07076424148104997,0.03072058838171397,0.02934236358829474,0.022006772691221043,0.020001529179880757,0.2440940018938925,0.40000000053636336,0.1830705014204193,0.07076424141028574,0.030720588350993384,0.02934236355895238,0.022006772669214275,0.020001529159879232
2024-09-27,1.999993920326233,15.0,260.9962463378906,event_stress,66.5,64.5,43.75,0.10043317451199728,0.10043317451199728,0.10043317441156412,0.0,0.29687267710777526,0.40000000042958134,0.22265450783083154,0.05460684327238336,0.007390277531265295,0.007390277531265312,0.005542708148448966,0.005542708148448955,0.29687267681090257,0.4000000000295813,0.222654507608177,0.054606843217776514,0.007390277523875017,0.007390277523875033,0.0055427081429062575,0.005542708142906246
2024-10-04,1.9999617338180542,15.0,614.296875,event_stress,63.0,63.5,48.5,0.05581339649668261,0.05581339649668261,0.055813396440869203,0.0,0.2968716243802371,0.40000000042956463,0.2226537182851778,0.05460752843914424,0.007390608133107513,0.007390608133107513,0.005542956099830632,0.005542956099830632,0.2968716240833655,0.4000000000295646,0.22265371806252407,0.054607528384536703,0.007390608125716904,0.007390608125716904,0.005542956094287676,0.005542956094287676
2024-10-11,1.9999468922615051,15.0,161.60044860839844,event_stress,62.8,64.0,38.0,-0.05366194397793963,-0.05366194397793963,-0.053661943924277686,0.0,0.2968711387812122,0.40000000042955686,0.222653354085909,0.054607844411442105,0.007390760654784012,0.007390760663668361,0.005543070488763057,0.00554307048466443,0.29687113848434105,0.4000000000295568,0.22265335386325563,0.05460784435683426,0.007390760647393251,0.0073907606562776,0.0055430704832199855,0.005543070479121359
2024-10-18,1.9998910427093506,15.0,100.46243286132812,event_stress,66.0,59.0,42.5,0.008762496013134757,0.008762496013134757,0.008762496004372263,0.0,0.296868552520655,0.4000000004295135,0.2226514143904912,0.05460941008572531,0.007391613699675184,0.007391615872053506,0.005543703517784902,0.005543689484101208,0.2968685522237865,0.4000000000295136,0.22265141416783982,0.05460941003111591,0.007391613692283572,0.0073916158646618905,0.0055437035122412,0.005543689478557519
2024-10-25,1.9995756149291992,15.0,64.41007995605469,event_stress,67.6,64.7,48.75,-0.001081118634545415,-0.001081118634545415,-0.001081118633464296,0.0,0.296749373345642,0.4000000004280702,0.22256203000923147,0.05468415711873732,0.00743135331791284,0.007430211019841227,0.005572658264880918,0.005570216495683992,0.2967493730488926,0.4000000000280702,0.22256202978666942,0.05468415706405316,0.007431353310481486,0.007430211012411015,0.005572658259308259,0.005570216490113775
2024-11-01,1.9851021766662598,15.0,30.276988983154297,event_stress,67.34,64.62,48.849999999999994,-0.006207693414375385,-0.006207693414375385,-0.006207693408167693,0.0,0.2859081843976579,0.4000000007942977,0.21443113829824348,0.06064640306860183,0.011333785014364156,0.011191436541669174,0.00839357740625188,0.008095474478913773,0.2859081841117498,0.4000000003942978,0.21443113808381237,0.06064640300795543,0.011333785003030374,0.011191436530477739,0.008393577397858305,0.0080954744708183
2024-11-08,1.6140652894973755,15.0,12.932819366455078,bull_normal,62.5,61.2,42.25,0.03753806474540309,0.03753806474540309,0.037538064707865026,0.0,0.2380740345457031,0.3136998778370067,0.17855552590927729,0.08195610659608989,0.0560318918259556,0.05527935699934,0.04005060984054452,0.03635259644608288,0.23807403430762905,0.3136998775233068,0.17855552573072175,0.08195610651413378,0.05603189176992371,0.05527935694406064,0.0400506098004939,0.03635259640973028
2024-11-15,1.9549629092216492,15.0,26.15738296508789,event_stress,61.95,60.9,42.849999999999994,-0.023403197263226837,-0.023403197263226837,-0.02340319723982363,0.0,0.2826180829988446,0.40000000044221884,0.21196356224913349,0.05859773975066121,0.013381925259730676,0.01408090487252029,0.009857280971552558,0.009500503455338372,0.2826180827162265,0.4000000000422188,0.2119635620371699,0.058597739692063465,0.01338192524634875,0.014080904858439384,0.009857280961695277,0.009500503445837867
2024-11-22,1.7914339900016785,15.0,18.60196304321289,event_stress,59.0,58.0,36.25,-0.01743328334389194,-0.01743328334389194,-0.017433283326458656,0.0,0.24869208137593535,0.3956742231964897,0.18651906103195148,0.06964703059099628,0.02939643247645658,0.028382820498819357,0.021287115374114516,0.020401235455236758,0.24869208112724325,0.39567422280081543,0.1865190608454324,0.06964703052134924,0.029396432447060146,0.028382820470436533,0.021287115352827398,0.020401235434835522
2024-11-29,1.8324652314186096,15.0,17.544212341308594,event_stress,65.3,60.0,47.0,0.010026647261722471,0.010026647261722471,0.010026647251695824,0.0,0.240495470409601,0.40000000078756587,0.1803716028072007,0.07296978283055533,0.031712194786786496,0.0305922330157616,0.0229441747618212,0.020914540600707885,0.24049547016910552,0.40000000038756583,0.18037160262682908,0.07296978275758555,0.0317121947550743,0.030592232985169363,0.022944174738877023,0.020914540579793344
2024-12-06,1.7201488018035889,15.0,13.8783597946167,bull_normal,67.05,63.6,46.5,-0.009700669103271331,-0.009700669103271331,-0.00970066909357066,0.0,0.2273150229587431,0.3524628177214835,0.1704862672190573,0.08124612565748178,0.051349320545082386,0.04871784868951966,0.03653838651713974,0.03188421069149252,0.22731502273142806,0.3524628173690207,0.170486267048571,0.08124612557623564,0.05134932049373306,0.0487178486408018,0.03653838648060135,0.03188421065960831
2024-12-13,1.9165253639221191,15.0,20.8692684173584,event_stress,66.0,68.1,44.0,-0.004645094725890521,-0.004645094725890521,-0.004645094721245427,0.0,0.25704902250071804,0.40000000071527275,0.1927867668755385,0.06989791575941677,0.02406617044691685,0.023118137705163303,0.017338603278872475,0.01574338271810134,0.257049022243669,0.4000000003152727,0.19278676668275171,0.06989791568951885,0.024066170422850676,0.023118137682045164,0.01733860326153387,0.015743382702357957
2024-12-20,1.8294342756271362,15.0,16.56230354309082,event_stress,66.8,66.2,47.25,-0.0013267742838826803,-0.0013267742838826803,-0.0013267742825559064,0.0,0.2305877225614795,0.40000000051728224,0.17294079192110953,0.07490115784308131,0.036919987804683745,0.03515993810709799,0.026369953580323492,0.023120447664942246,0.23058772233089175,0.4000000001172822,0.17294079174816873,0.07490115776818014,0.03691998776776376,0.03515993807193805,0.026369953553953537,0.023120447641821796
2024-12-27,1.6573630571365356,15.0,13.134681701660156,bull_normal,60.5,61.4,52.75,0.010033986801529147,0.010033986801529147,0.010033986791495158,0.0,0.22449693020083766,0.35847439759601724,0.16837269765062826,0.08524068605469397,0.048731012057599506,0.04730399250621723,0.03547799437966292,0.031902289554343204,0.22449692997634071,0.3584743972375428,0.16837269748225556,0.08524068596945328,0.048731012008868486,0.04730399245891324,0.03547799434418492,0.03190228952244091
2025-01-03,1.9154528379440308,15.0,15.018041610717773,event_stress,71.2,69.4,52.75,-0.02293688929790446,-0.02293688929790446,-0.022936889274967568,0.0,0.21914259002071404,0.40000000061290886,0.16435694251553548,0.07813127512512157,0.0428860402911212,0.04037466419527573,0.030280998146456798,0.024827489092866376,0.21914258980157142,0.4000000002129088,0.16435694235117854,0.07813127504699029,0.042886040248235155,0.04037466415490106,0.030280998116175798,0.024827489068038885
2025-01-10,1.9374021887779236,15.0,16.748523712158203,event_stress,70.6,69.22,52.849999999999994,-0.008170033498903358,-0.008170033498903358,-0.008170033490733322,0.0,0.23263464963110006,0.40000000099758465,0.17447598722332502,0.076842257858968,0.035623912859945976,0.03379305765371891,0.025344793240289175,0.021285340535068132,0.2326346493984654,0.4000000005975846,0.17447598704884903,0.07684225778212574,0.03562391282432206,0.03379305761992585,0.02534479321494438,0.02128534051378279
2025-01-17,1.9488884210586548,15.0,21.246646881103516,event_stress,61.5,57.5,48.2,0.028595652905645124,0.028595652905645124,0.02859565287704947,0.0,0.2644008020023683,0.40000000085446547,0.1983006015017762,0.06855303539286929,0.02015716534302512,0.019748673561965975,0.014811505171474485,0.014028216172055144,0.2644008017379675,0.40000000045446543,0.19830060130347557,0.06855303532431625,0.020157165322867952,0.0197486735422173,0.014811505156662979,0.014028216158026926
2025-01-24,1.9375645518302917,15.0,18.95172119140625,event_stress,63.540000000000006,64.32000000000001,47.25,0.013795234250397595,0.013795234250397595,0.013795234236602363,0.0,0.25170767907278824,0.4000000004927786,0.1887807593045912,0.0711261403659958,0.026340198366583453,0.025717285113140472,0.019043344740004728,0.01728459254411743,0.2517076788210805,0.4000000000927786,0.18878075911581044,0.07112614029486965,0.026340198340243252,0.025717285087423186,0.01904334472096138,0.017284592526832836
2025-01-31,1.8157292008399963,15.0,11.761834144592285,bull_normal,68.5,68.0,50.0,-0.00729981514596747,-0.00729981514596747,-0.007299815138667655,0.0,0.211893606726884,0.3457170844589541,0.158920205045163,0.08457239220975096,0.061953996874022775,0.05794086536300504,0.043455649022253774,0.03554620029996629,0.2118936065149904,0.345717084113237,0.15892020488624278,0.08457239212517856,0.06195399681206877,0.05794086530506417,0.04345564897879812,0.03554620026442008
2025-02-07,1.822895884513855,15.0,12.766868591308594,bull_normal,69.5,65.8,47.0,0.024478120154458563,0.024478120154458563,0.02447812012998044,0.0,0.22334645222148644,0.34423930526493657,0.16750983916611484,0.080831229784825,0.056806571265647046,0.05410656477489671,0.03985273048489735,0.033307307037196046,0.22334645199813996,0.3442393049206972,0.167509838998605,0.08083122970399377,0.05680657120884047,0.054106564720790146,0.039852730445044615,0.03330730700388874
2025-02-14,1.9583482146263123,15.0,21.88327980041504,event_stress,65.0,63.0,42.5,0.0027943276472066556,0.0027943276472066556,0.002794327644412328,0.0,0.26489296588507383,0.40000000085308385,0.1986697244138054,0.0671525767473414,0.020566799245286187,0.01989776993911873,0.014923327454339046,0.013896835461951512,0.26489296562018083,0.4000000004530838,0.19866972421513565,0.06715257668018881,0.020566799224719386,0.01989776991922096,0.014923327439415717,0.013896835448054675
2025-02-21,1.9880253672599792,15.0,28.244722366333008,event_stress,68.3,64.3,42.95,0.014025036822025437,0.014025036822025437,0.014025036808000402,0.0,0.2828702909884261,0.40000000068954317,0.21215271824131965,0.061376831678045925,0.012745305262619598,0.012503095645313798,0.00937732173398535,0.008974435760746354,0.28287029070555586,0.40000000028954324,0.21215271802916696,0.061376831616669104,0.012745305249874295,0.012503095632810704,0.009377321724608029,0.00897443575177192
2025-02-28,1.9843345284461975,15.0,26.10434341430664,event_stress,70.6,66.6,42.449999999999996,-0.0133954614457594,-0.0133954614457594,-0.01339546143236394,0.0,0.27764434100998736,0.4000000005946372,0.20823325575749047,0.06325055647871743,0.01501853727421414,0.01461217755380256,0.01095913316535192,0.010281998165798953,0.277644340732343,0.40000000019463716,0.2082332555492572,0.06325055641546687,0.015018537259195601,0.01461217753919038,0.010959133154392786,0.010281998155516954
2025-03-07,1.901845097541809,15.0,14.623218536376953,bull_normal,71.4,65.7,55.75,0.001033744708623202,0.001033744708623202,0.0010337447075894576,0.0,0.2187230166208612,0.40000000061527247,0.16404226246564588,0.07908593948196237,0.04247569240790723,0.04036642942663895,0.0302748220699792,0.025031836911732726,0.21872301640213815,0.40000000021527243,0.1640422623016036,0.07908593940287642,0.042475692365431535,0.040366429386272516,0.030274822039704375,0.025031836886700888
2025-03-14,1.9652720093727112,15.0,21.11408805847168,event_stress,69.9,66.2,47.75,0.009161540388099148,0.009161540388099148,0.009161540378937605,0.0,0.2598741023009261,0.40000000091233945,0.19490557672569464,0.06954253910993928,0.022708691387748434,0.021850238843688825,0.016387679132766626,0.014731171586896762,0.25987410204105194,0.4000000005123393,0.194905576530789,0.06954253904039671,0.022708691365039734,0.02185023882183858,0.016387679116378943,0.014731171572165585
2025-03-21,1.946143925189972,15.0,19.42805290222168,event_stress,68.0,59.5,52.75,-0.01683953788655906,-0.01683953788655906,-0.016839537869719524,0.0,0.25423937401689345,0.4000000007236094,0.19067953051267003,0.0719279229049436,0.024740375811447,0.024042280453500847,0.01803171034012564,0.01633880523680998,0.2542393737626541,0.4000000003236095,0.19067953032199053,0.07192792283301569,0.024740375786706625,0.02404228042945857,0.01803171032209393,0.016338805220471177
2025-03-28,1.8274210095405579,15.0,14.109771728515625,bull_normal,70.1,63.5,40.75,-0.006720284565496861,-0.006720284565496861,-0.006720284558776578,0.0,0.23241710321527365,0.3458636017185725,0.1743128274114552,0.07771406031683747,0.052423747393165965,0.04892249569600942,0.036691871772007056,0.03165429247667877,0.23241710298285653,0.3458636013727089,0.17431282723714236,0.0777140602391234,0.05242374734074221,0.04892249564708692,0.036691871735315185,0.031654292445024476
2025-04-04,1.9737821817398071,15.0,17.260820388793945,event_stress,65.0,57.0,38.75,0.0025145455325156028,0.0025145455325156028,0.0025145455300010578,0.0,0.2464342476160228,0.398469806581261,0.18482568571201707,0.06823166308346854,0.030609041110236757,0.02921804035552403,0.02191353026664302,0.02029798527482682,0.24643424736958855,0.3984698061827912,0.18482568552719136,0.06823166301523687,0.030609041079627714,0.02921804032630599,0.021913530244729487,0.020297985254528833
2025-04-11,1.9681829810142517,15.0,11.621089935302734,bull_normal,70.6,74.1,42.7,-0.012484520291574508,-0.012484520291574508,-0.012484520279089988,0.0,0.2140145262873551,0.324654235131453,0.1605108947155163,0.07999996147533843,0.07054509228284755,0.06562232556579284,0.04767411489796358,0.03697884964373328,0.21401452607334054,0.3246542348067987,0.1605108945550054,0.07999996139533846,0.07054509221230246,0.06562232550017051,0.04767411485028946,0.03697884960675443
2025-04-18,1.9946573972702026,15.0,19.801822662353516,event_stress,71.64000000000001,72.42,42.8,-0.003810784457602846,-0.003810784457602846,-0.003810784453792062,0.0,0.2515439763404659,0.4000000006692298,0.18865798225534944,0.07019486798980266,0.027462916865429968,0.025894029889678566,0.019420522417258928,0.016825703572784748,0.25154397608892193,0.4000000002692299,0.1886579820666915,0.0701948679196078,0.027462916837967054,0.02589402986378454,0.019420522397838407,0.016825703555959047
2025-04-25,1.998492956161499,15.0,28.35647964477539,event_stress,61.2,55.6,51.2,0.003296632922355653,0.003296632922355653,0.0032966329190590193,0.0,0.2847542300699765,0.4000000007389825,0.2135656725524824,0.061337082409466226,0.01164933712004833,0.011562379852086184,0.008671784889064636,0.008459512367893213,0.28475422978522225,0.4000000003389825,0.2135656723389167,0.06133708234812914,0.011649337108398992,0.011562379840523803,0.00867178488039285,0.0084595123594337
2025-05-02,1.9966002702713013,15.0,23.643070220947266,event_stress,62.64000000000001,57.27,53.199999999999996,-0.012474566476365776,-0.012474566476365776,-0.01247456646389121,0.0,0.2739560468890441,0.4000000005571285,0.20546703516678314,0.06632822395343375,0.015813319618505156,0.015603645648720252,0.011702734236540186,0.011128993929844885,0.2739560466150881,0.40000000015712855,0.20546703496131613,0.06632822388710553,0.01581331960269184,0.015603645633116609,0.011702734224837454,0.011128993918715894
2025-05-09,1.9982523918151855,15.0,27.61412239074707,event_stress,68.0,65.2,42.5,0.011310904349748381,0.011310904349748381,0.011310904338437476,0.0,0.2819687274017223,0.4000000006728939,0.2114765455512916,0.06170227772500039,0.013141944075189343,0.012865492575141222,0.009649119431355916,0.009195892567405372,0.28196872711975357,0.40000000027289384,0.21147654533981505,0.06170227766329811,0.013141944062047398,0.012865492562275729,0.009649119421706796,0.009195892558209478
2025-05-16,1.9991575479507446,15.0,31.062053680419922,event_stress,67.52000000000001,65.12,45.05,0.0030736194770013027,0.0030736194770013027,0.003073619473927684,0.0,0.28747491747980414,0.40000000081371134,0.21560618810985305,0.05960452550894297,0.010835900531059558,0.01069417278383845,0.008020629587878835,0.007763665184911593,0.28747491719232926,0.4000000004137114,0.2156061878942469,0.059604525449338454,0.01083590052022366,0.01069417277314428,0.008020629579858206,0.0077636651771479295
2025-05-23,1.9937087893486023,15.0,21.5279541015625,event_stress,66.0,65.5,42.5,0.00331193781232044,0.00331193781232044,0.003311937809008502,0.0,0.2638904446529038,0.4000000008829872,0.19791783348967784,0.06743487552956447,0.021139523865037986,0.020346171390873597,0.015259628543155197,0.014011521645799935,0.2638904443890134,0.4000000004829873,0.19791783329176005,0.0674348754621296,0.021139523843898465,0.020346171370527428,0.01525962852789557,0.014011521631788416
2025-05-30,1.9655587077140808,15.0,13.998858451843262,bull_normal,66.02000000000001,66.79,41.9,-0.002016666978053367,-0.002016666978053367,-0.0020166669760367,0.0,0.22955270908559847,0.36463522503130086,0.1721645318141988,0.07709774308113894,0.048533449343581475,0.045185593874227596,0.033889195405670695,0.028941552364283207,0.22955270885604573,0.3646352246666656,0.17216453164203427,0.0770977430040412,0.04853344929504802,0.045185593829042,0.0338891953717815,0.028941552335341653
2025-06-06,1.9596065282821655,15.0,14.363164901733398,bull_normal,61.2,66.4,39.25,0.012317505574617076,0.012317505574617076,0.012317505562299573,0.0,0.23560304344399946,0.36377537839181123,0.17670228258299958,0.07658169050620767,0.04518301942967927,0.04232755781368138,0.03174566836026103,0.0280813594713605,0.2356030432083964,0.36377537802803583,0.1767022824062973,0.07658169042962597,0.045183019384496245,0.04232755777135382,0.03174566832851536,0.02808135944327914
2025-06-13,1.9288047552108765,15.0,10.996870040893555,bull_normal,62.3,60.0,52.25,0.0029082429621199763,0.0029082429621199763,0.0029082429592117323,0.0,0.22013057276459402,0.353624593148056,0.1650979295734455,0.08510475239142154,0.0532443907232912,0.05112447053609816,0.038343352902073614,0.033329937961020024,0.22013057254446344,0.35362459279443137,0.16509792940834755,0.08510475230631678,0.053244390670046805,0.051124470484973684,0.03834335286373026,0.03332993792769008
2025-06-20,1.9319140315055847,15.0,10.527689933776855,bull_normal,64.32000000000001,59.95,54.099999999999994,-0.0029554225189555913,-0.0029554225189555913,-0.0029554225160001685,0.0,0.2156268256355968,0.3533215243957598,0.16172011922669757,0.0859690513294719,0.05571090620608776,0.053426078278274926,0.040069558708706196,0.03415593621940511,0.21562682541996994,0.3533215240424383,0.16172011906497744,0.08596905124350283,0.055710906150376854,0.05342607822484884,0.04006955866863664,0.03415593618524917
2025-06-27,1.7279966473579407,15.0,4.751461029052734,bull_normal,62.94,58.8,54.699999999999996,0.005676787105919621,0.005676787105919621,0.005676787100242835,0.0,0.2210175081519163,0.2591536565870371,0.1657631311139372,0.08735839630619098,0.07755269110031027,0.08557843159624312,0.05593397664994813,0.047642208494416964,0.22101750793089875,0.2591536563278834,0.16576313094817405,0.08735839621883258,0.07755269102275757,0.08557843151066469,0.055933976594014154,0.047642208446774754
2025-07-04,1.5062357783317566,15.0,7.976075172424316,bull_normal,59.7,60.8,39.25,0.010551581334565577,0.010551581334565577,0.010551581324013995,0.0,0.2189183739522177,0.2505331610422249,0.16418878046416324,0.08857344351617227,0.08415215506712169,0.07954066938123013,0.059655502035922583,0.05443791454094751,0.2189183737332993,0.2505331607916917,0.16418878029997444,0.08857344342759882,0.08415215498296953,0.07954066930168945,0.059655501976267074,0.054437914486509593
2025-07-11,1.6607710719108582,15.0,6.842781066894531,bull_normal,65.8,60.7,56.0,0.008495591648194273,0.008495591648194273,0.008495591639698683,0.0,0.20019907639254814,0.29785354088646254,0.1501493072944111,0.09323717641801046,0.07884141031045429,0.07556538325379326,0.05667403744034495,0.04748006800397525,0.20019907619234906,0.29785354058860897,0.15014930714426178,0.09323717632477328,0.07884141023161287,0.07556538317822788,0.05667403738367091,0.04748006795649518
2025-07-18,1.5760074257850647,15.0,5.404947280883789,bull_normal,67.32000000000001,62.15,55.75,0.01777168791024411,0.01777168791024411,0.01777168789247242,0.0,0.19281421317599257,0.2780064173608643,0.14461065988199442,0.09408469781696734,0.0892315179399055,0.08498637220409701,0.06373977915307276,0.05252634246710614,0.19281421298317833,0.27800641708285784,0.14461065973738374,0.09408469772288262,0.08923151785067397,0.08498637211911063,0.06373977908933297,0.0525263424145798
2025-07-25,1.5834702253341675,15.0,8.925098419189453,bull_normal,60.3,59.3,42.25,0.004719595447634899,0.004719595447634899,0.0047195954429153026,0.0,0.2227237083779347,0.2716198565634421,0.16704278128345101,0.08826463611192531,0.07552783473053183,0.07184744855018838,0.053885586412641275,0.04908814796988547,0.22272370815521098,0.2716198562918222,0.16704278111640822,0.08826463602366066,0.075527834655004,0.07184744847834092,0.053885586358755684,0.04908814792079732
2025-08-01,1.5834932327270508,15.0,8.225475311279297,bull_normal,62.120000000000005,58.75,45.15,-0.00539939979325442,-0.00539939979325442,-0.005399399787855019,0.0,0.21782908275827165,0.27175396533563684,0.1633718120687037,0.0892586638368834,0.0779130136593653,0.07423894052474542,0.05567920539355907,0.049955316422834656,0.21782908254044256,0.27175396506388283,0.16337181190533187,0.08925866374762473,0.07791301358145228,0.07423894045050647,0.05567920533787986,0.04995531637287934
2025-08-08,1.6955119371414185,15.0,7.234727382659912,bull_normal,65.8,61.2,57.25,0.012174417172955955,0.012174417172955955,0.012174417160781537,0.0,0.1997014186760221,0.3090019119145549,0.14977606400701657,0.09326319931605097,0.0757310521215728,0.07267536949155094,0.0545065271186632,0.045344457354568435,0.19970141847632067,0.30900191160555296,0.1497760638572405,0.09326319922278777,0.07573105204584174,0.07267536941887556,0.05450652706415667,0.04534445730922397
2025-08-15,1.4870240092277527,15.0,6.238668441772461,bull_normal,69.2,61.1,42.25,0.022360386446913655,0.022360386446913655,0.022360386424553267,0.0,0.20297571513779114,0.23419693881312428,0.15223178635334336,0.08726267730180369,0.10025976740646896,0.09330086598478773,0.0699756494885908,0.05979659951409017,0.20297571493481542,0.23419693857892732,0.15223178620111155,0.087262677214541,0.10025976730620918,0.09330086589148687,0.06997564941861514,0.05979659945429357
2025-08-22,1.3781579434871674,15.0,5.241056442260742,bull_normal,69.24000000000001,59.95,41.75,0.022109659411944226,0.022109659411944226,0.022109659389834564,0.0,0.20088697381158666,0.22204443408515584,0.15066523035868998,0.08774492909322609,0.104425476334389,0.09759994443346111,0.07319995832509582,0.06343305355839554,0.20088697361069965,0.2220444338631114,0.15066523020802475,0.08774492900548116,0.10442547622996352,0.09759994433586115,0.07319995825189586,0.06343305349496248
2025-08-29,1.3162606358528137,15.0,4.36397647857666,bull_normal,64.5,61.1,45.5,0.02378282744830759,0.02378282744830759,0.023782827424524755,0.0,0.19914480407861312,0.2297915039291503,0.14935860305895982,0.09176258033996143,0.10042923890546124,0.09522992737150944,0.07142244552863207,0.06286089678771262,0.1991448038794683,0.22979150369935877,0.1493586029096012,0.09176258024819885,0.10042923880503199,0.0952299272762795,0.07142244545720962,0.06286089672485172
2025-09-05,1.3673812448978424,15.0,6.463550090789795,bull_normal,58.0,57.0,43.75,-0.004876072117904848,-0.004876072117904848,-0.004876072113028774,0.0,0.22096386386342265,0.24147761827077632,0.16572289789756697,0.09046660780821444,0.08295271272692342,0.08234818005059616,0.05997403651105849,0.05609408287144151,0.22096386364245876,0.24147761802929868,0.16572289773184407,0.09046660771774782,0.08295271264397071,0.08234817996824798,0.05997403645108445,0.056094082815347425
2025-09-12,1.3042944371700287,15.0,5.523102760314941,bull_normal,61.6,56.6,42.949999999999996,0.015157668281506222,0.015157668281506222,0.015157668266348552,0.0,0.22236812526838912,0.22224217585806927,0.16677609395129184,0.08744442300720515,0.08834069069610931,0.09078351502608659,0.0634799997012963,0.05856497649155248,0.22236812504602096,0.22224217563582707,0.16677609378451572,0.08744442291976072,0.08834069060776861,0.09078351493530307,0.0634799996378163,0.0585649764329875
2025-09-19,0.9976139559876174,15.0,4.7755608558654785,bull_normal,58.8,55.5,34.25,-0.0017832847315621696,-0.0017832847315621696,-0.0017832847297788853,0.0,0.21200772124452535,0.2044945263908507,0.15900579093339398,0.09070202697097976,0.09884095886681751,0.09498570844261871,0.07123928133196403,0.0687239858188499,0.2120077210325176,0.20449452618635616,0.15900579077438817,0.09070202688027773,0.09884095876797655,0.094985708347633,0.07123928126072473,0.06872398575012592
2025-09-26,1.9988383054733276,15.0,38.296531677246094,event_stress,62.5,56.4,45.5,-0.0034652049399384126,-0.0034652049399384126,-0.0034652049364732066,0.0,0.2936028479163523,0.40000000095805016,0.22020213593726423,0.05646233557548563,0.008528891445739548,0.008500448053563134,0.006375336040172351,0.006328004073372561,0.29360284762274946,0.40000000055805013,0.22020213571706207,0.056462335519023285,0.008528891437210655,0.008500448045062685,0.006375336033797014,0.0063280040670445565
2025-10-03,1.9960154294967651,15.0,24.008583068847656,event_stress,61.67,55.10999999999999,47.345,0.008257835830758807,0.008257835830758807,0.00825783582250097,0.0,0.27571262655480067,0.4000000005104616,0.20678446991610042,0.06449388202569444,0.015426279330336549,0.015197330741447601,0.011397998056085695,0.010987412865073048,0.275712626279088,0.40000000011046155,0.20678446970931594,0.06449388196120055,0.015426279314910269,0.01519733072625027,0.011397998044687696,0.010987412854085634
2025-10-10,1.9994354248046875,15.0,31.567935943603516,event_stress,67.2,67.1,45.2,-0.0016911287946531782,-0.0016911287946531782,-0.001691128792962049,0.0,0.21883296188731435,0.5440306283166566,0.16412472141548576,0.04517651972804911,0.008081250204945897,0.007977739077491372,0.005983304308118529,0.0057928750619384425,0.21883296166848137,0.5440306277726259,0.16412472125136102,0.04517651968287259,0.008081250196864646,0.007977739069513632,0.005983304302135224,0.005792875056145567
2025-10-17,1.9998878836631775,15.0,41.91748809814453,event_stress,68.9,67.6,42.3,-0.014491536092168498,-0.014491536092168498,-0.01449153607767696,0.0,0.294637065353108,0.40000000040134975,0.22097779901483106,0.05587311904993621,0.00818526452567601,0.00815291019971298,0.006114682649784733,0.00605915880560127,0.2946370650584709,0.4000000000013497,0.22097779879385324,0.05587311899406308,0.008185264517490746,0.00815291019156007,0.006114682643670049,0.006059158799542111
2025-10-24,1.9993356466293335,15.0,30.05729866027832,event_stress,70.2,74.8,40.55,0.023808462071423668,0.023808462071423668,0.02380846204761521,0.0,0.2851644064472193,0.40000000077803133,0.2138733048354143,0.06051188468462828,0.011857457357216406,0.01160544001112478,0.008704080008343584,0.008283425878022105,0.28516440616205485,0.4000000003780313,0.21387330462154097,0.06051188462411639,0.011857457345358948,0.01160543999951934,0.008704079999639503,0.00828342586973868
2025-10-31,1.9807727932929993,15.0,15.441778182983398,event_stress,66.1,64.3,45.05,-0.00043742708864204547,-0.00043742708864204547,-0.0004374270882046183,0.0,0.23140382719696753,0.3962850090287418,0.17355287039772566,0.0737853532526909,0.038207603845784914,0.03610395125443122,0.02707796344082341,0.023583421582834482,0.2314038269655637,0.39628500863245675,0.17355287022417276,0.07378535317890554,0.03820760380757731,0.03610395121832727,0.027077963413745444,0.02358342155925106
2025-11-07,1.9432777166366577,15.0,13.207138061523438,bull_normal,61.0,57.5,42.75,0.006070767602651396,0.006070767602651396,0.006070767596580627,0.0,0.23983945002553916,0.34976443530820767,0.1798795875191544,0.07830467985712619,0.0457628090396511,0.043676566974553056,0.032757425230914794,0.030015046044853604,0.23983944978569968,0.3497644349584432,0.17987958733927478,0.07830467977882151,0.04576280899388829,0.04367656693087649,0.032757425198157365,0.030015046014838554
2025-11-14,1.9499846696853638,15.0,12.085710525512695,bull_normal,68.0,58.5,47.75,-0.0020504610386250966,-0.0020504610386250966,-0.002050461036574636,0.0,0.2271772131507113,0.34746900498132727,0.17038290986303345,0.08040258749658394,0.053449828754725544,0.050554948452781176,0.03791621133958588,0.03264729596125143,0.22717721292353407,0.3474690046338582,0.17038290969265052,0.08040258741618135,0.05344982870127571,0.05055494840222623,0.03791621130166967,0.03264729592860413
2025-11-21,1.951908528804779,15.0,12.60196304321289,bull_normal,63.1,56.8,49.7,-0.023231171814050423,-0.023231171814050423,-0.023231171790819245,0.0,0.2306598300294643,0.36441767260283386,0.17299487252209825,0.08033213419402806,0.04552188672095425,0.043821631619156816,0.03286622371436761,0.02938574859709694,0.23065982979880445,0.36441767223841615,0.17299487234910335,0.08033213411369591,0.04552188667543236,0.04382163157533518,0.03286622368150138,0.02938574856771119
2025-11-28,1.9611430168151855,15.0,13.462798118591309,bull_normal,56.5,53.5,59.25,0.018945345222172606,0.018945345222172606,0.018945345203227264,0.0,0.23172150707076572,0.4000000006467892,0.1737911303030742,0.0806168870168338,0.03294587103296811,0.033256783329706045,0.024676046177784742,0.02299177442207817,0.23172150683904424,0.4000000002467893,0.1737911301292831,0.08061688693621692,0.03294587100002224,0.033256783296449266,0.0246760461531087,0.0229917743990864
2025-12-05,1.7719451189041138,15.0,10.849811553955078,bull_normal,54.5,56.0,29.5,-0.0008181404007523732,-0.0008181404007523732,-0.0008181403999342328,0.0,0.25996705363295725,0.25552216229473607,0.19497529022471796,0.0780231010051976,0.062184505827695295,0.062216761250134776,0.044004727084745655,0.043106398679815444,0.2599670533729902,0.2555221620392139,0.19497529002974265,0.0780231009271745,0.06218450576551079,0.06221676118791801,0.044004727040740925,0.043106398636709044
2025-12-12,1.7025030851364136,15.0,9.410663604736328,bull_normal,54.19,53.69,34.84,-0.0008798722850308428,-0.0008798722850308428,-0.0008798722841509704,0.0,0.24801629894499366,0.2559094991640771,0.18601222420874525,0.08312930318134441,0.06660003073247071,0.06553823579100966,0.04778389675491959,0.047010511222439676,0.24801629869697733,0.2559094989081676,0.186012224022733,0.0831293030982151,0.06660003066587068,0.06553823572547142,0.04778389670713569,0.04701051117542916
2025-12-19,1.846695899963379,15.0,9.18536376953125,bull_normal,59.3,53.1,51.2,-0.0017234338194290343,-0.0017234338194290343,-0.001723433817705601,0.0,0.26786656395659303,0.27399040784378687,0.20089992296744474,0.07575462166087828,0.04979175724679158,0.061586287033361234,0.036472768470647204,0.03363767082049703,0.26786656368872647,0.2739904075697964,0.2008999227665448,0.07575462158512365,0.04979175719699982,0.06158628697177494,0.036472768434174435,0.03363767078685936
2025-12-26,1.9757652878761292,15.0,16.54559898376465,event_stress,60.2,50.5,54.45,0.01656063994860774,0.01656063994860774,0.0165606399320471,0.0,0.2502397229390527,0.40000000064734986,0.18767979220428954,0.07197436071516364,0.02599516799277303,0.026492055322659417,0.01931717791812558,0.018301722260586267,0.250239722688813,0.40000000024734983,0.18767979201660973,0.07197436064318927,0.02599516796677786,0.02649205529616736,0.0193171778988084,0.018301722242284543
2026-01-02,1.9608813524246216,15.0,19.414474487304688,event_stress,60.0,60.5,40.75,-0.008897700617648918,-0.008897700617648918,-0.008897700608751214,0.0,0.2564887896051832,0.40000000042323913,0.19236659220388744,0.06866949772555493,0.024459637842057753,0.023625306836319138,0.017718980127239343,0.016671195236519193,0.25648878934869435,0.4000000000232391,0.19236659201152084,0.06866949765688543,0.024459637817598114,0.023625306812693828,0.01771898010952036,0.016671195219847997
2026-01-09,1.8263729214668274,15.0,11.625614166259766,bull_normal,61.34000000000001,61.720000000000006,42.75,0.023281514288536878,0.023281514288536878,0.023281514265255356,0.0,0.22984170518559371,0.3212754517648582,0.17238127888919527,0.08325435432195344,0.05880979587506833,0.05558821791188882,0.04169116343391661,0.037158032617525746,0.22984170495575199,0.32127545144358277,0.17238127871681397,0.08325435423869908,0.05880979581625853,0.055588217856300595,0.04169116339222544,0.03715803258036771
2026-01-16,1.9478372931480408,15.0,17.040992736816406,event_stress,61.739999999999995,62.73,43.65,-0.005773056988052281,-0.005773056988052281,-0.005773056982279221,0.0,0.25246428503872753,0.3912408588929583,0.18934821377904562,0.06710144925343096,0.029230100104531434,0.030512381763824457,0.020994389896907696,0.019108321270574127,0.25246428478626315,0.3912408585017173,0.18934821358969736,0.0671014491863295,0.029230100075301326,0.030512381733312065,0.0209943898759133,0.0191083212514658
2026-01-23,1.993165671825409,15.0,26.412689208984375,event_stress,61.34000000000001,60.85,45.949999999999996,-0.006547570015938411,-0.006547570015938411,-0.006547570009390841,0.0,0.28126312903634165,0.4000000006054596,0.21094734677725618,0.061890486784382,0.013310271254230774,0.013291901657808396,0.009827969808618145,0.00946889407590325,0.2812631287550785,0.40000000020545956,0.2109473465663088,0.061890486722491506,0.0133102712409205,0.013291901644516494,0.009827969798790175,0.009468894066434355
2026-01-30,1.996182382106781,15.0,32.2911262512207,event_stress,58.8,52.0,37.75,0.00454769787843076,0.00454769787843076,0.004547697873883064,0.0,0.29012506687858036,0.40000000078979475,0.21759380015893537,0.05777299564362438,0.009919918547570503,0.009856216700285258,0.007388387195929732,0.007343614085279518,0.2901250665884553,0.40000000038979483,0.2175937999413416,0.05777299558585139,0.009919918537650585,0.009856216690429043,0.007388387188541346,0.007343614077935905
2026-02-06,1.9991057515144348,15.0,35.58478546142578,event_stress,64.2,66.8,53.55,-0.007515049540464925,-0.007515049540464925,-0.007515049532949874,0.0,0.2916273162200623,0.4000000009511489,0.21872048716504677,0.05794639427211134,0.009132171098213624,0.009081871040554142,0.0068114032804156045,0.006680355972447168,0.291627315928435,0.40000000055114887,0.21872048694632626,0.05794639421416494,0.009132171089081452,0.00908187103147227,0.006811403273604201,0.006680355965766811
2026-02-13,1.9968299865722656,15.0,27.665264129638672,event_stress,65.6,65.7,55.55,0.006445401195445334,0.006445401195445334,0.006445401188999932,0.0,0.2818174079901724,0.40000000077058445,0.21136305599262933,0.06340302025314569,0.012659411887751193,0.012491354413188516,0.009368515809891379,0.008897232882637,0.28181740770835495,0.4000000003705844,0.21136305578126627,0.06340302018974267,0.01265941187509178,0.012491354400697161,0.009368515800522862,0.008897232873739766
2026-02-20,1.9967103600502014,15.0,27.665264129638672,event_stress,66.22,64.47999999999999,55.05,0.0,0.0,0.0,0.0,0.218712106358371,0.5345611764325168,0.16403407976877823,0.04903261837946007,0.00981183318613509,0.009682088376302732,0.007261566282227049,0.0069045312162091445,0.21871210613965886,0.5345611758979556,0.16403407960474414,0.04903261833042744,0.009811833176323257,0.009682088366620644,0.0072615662749654815,0.006904531209304613
2026-02-27,1.9753124117851257,15.0,18.004833221435547,event_stress,64.46000000000001,61.77,57.05,0.010957269112891488,0.010957269112891488,0.010957269101934215,0.0,0.24816314017815216,0.4000000007519918,0.1861223551336141,0.07586154478981079,0.026748463852595276,0.026079414684208765,0.019559561013156562,0.017465519596470497,0.248163139929989,0.4000000003519918,0.18612235494749174,0.07586154471394924,0.02674846382584681,0.02607941465812935,0.019559560993597,0.017465519579004975
2026-03-06,1.9960479140281677,15.0,26.89455795288086,event_stress,66.2,62.3,56.25,0.015120344048958772,0.015120344048958772,0.01512034403383843,0.0,0.2812257017503996,0.4000000007186767,0.2109192763127998,0.06322401038591996,0.012970784395685692,0.012932912858178127,0.009606474133135404,0.009120839445204748,0.2812257014691739,0.40000000031867666,0.21091927610188052,0.06322401032269595,0.012970784382714906,0.012932912845245214,0.009606474123528929,0.009120839436083909
2026-03-13,1.9998383522033691,15.0,49.55207824707031,event_stress,59.3,64.1,54.2,0.03775454050410865,0.03775454050410865,0.03775454046635412,0.0,0.29617808441145255,0.40000000041966133,0.22213356330858947,0.05502637935546845,0.007621262332776057,0.007630028502277276,0.0057123325536180165,0.005698349116156799,0.2961780841152745,0.4000000000196614,0.22213356308645593,0.055026379300442074,0.007621262325154796,0.007630028494647248,0.005712332547905685,0.005698349110458451
2026-03-20,1.999847173690796,15.0,49.86677169799805,event_stress,60.220000000000006,63.1,56.86,-0.0314946955096399,-0.0314946955096399,-0.03149469547814521,0.0,0.2961404411374819,0.40000000042178985,0.22210533085311138,0.05510336995487377,0.0076204113125390984,0.007619624515539589,0.005712336326324738,0.005698485478339685,0.29614044084134145,0.4000000000217898,0.22210533063100601,0.055103369899770396,0.007620411304918686,0.007619624507919963,0.005712336320612401,0.005698485472641199
2026-03-27,1.999637484550476,15.0,41.9107666015625,event_stress,62.1,64.8,54.9,-0.02377074027848911,-0.02377074027848911,-0.02377074025471838,0.0,0.29466492814828465,0.40000000040795186,0.22099869611121334,0.056083467184358735,0.008096899058133515,0.008080941201162423,0.0060607059008718185,0.006014361988023637,0.29466492785361975,0.40000000000795194,0.22099869589021467,0.05608346712827528,0.008096899050036617,0.008080941193081483,0.006060705894811114,0.006014361982009276
2026-04-03,1.9977115392684937,15.0,30.00213623046875,event_stress,62.5,64.0,55.15,-0.01802666770788563,-0.01802666770788563,-0.018026667689858958,0.0,0.2861392732133606,0.40000000083611087,0.21460445491002028,0.06118526525042888,0.011021187269730004,0.010928216274069008,0.008196162205551761,0.007925440040728687,0.2861392729272213,0.40000000043611084,0.2146044546954158,0.06118526518924361,0.011021187258708817,0.010928216263140791,0.008196162197355599,0.007925440032803245
2026-04-10,1.9986774325370789,15.0,32.401092529296875,event_stress,64.1,65.52000000000001,54.949999999999996,0.027649107613414565,0.027649107613414565,0.027649107585765456,0.0,0.2905599819350246,0.40000000083136444,0.2179199864512684,0.057595577923557136,0.009717262343156967,0.009937535787936661,0.007234559343548334,0.007035095384143529,0.29055998164446456,0.4000000004313644,0.21791998623334838,0.057595577865961554,0.009717262333439704,0.009937535777999124,0.0072345593363137735,0.007035095377108434
2026-04-17,1.9989124536514282,15.0,34.855133056640625,event_stress,58.1,67.0,47.75,0.013967194892456928,0.013967194892456928,0.01396719487848973,0.0,0.2930479870252929,0.4000000008470233,0.21978599026896975,0.05585587466263657,0.008929226648540789,0.009173880909871342,0.006656674910089828,0.006550364727575553,0.29304798673224486,0.4000000004470233,0.21978599004918375,0.05585587460678069,0.008929226639611562,0.00917388090069746,0.0066566749034331525,0.006550364721025188
2026-04-24,1.998819649219513,15.0,34.855133056640625,event_stress,55.19,63.65999999999999,50.12,0.010866429445999411,0.010866429445999411,0.010866429435132977,0.0,0.29323542929725244,0.4000000008505116,0.2199265719729393,0.05584633160193364,0.00881972795155469,0.009078600531416873,0.006587548467617582,0.0065057893267740224,0.29323542900401695,0.40000000045051143,0.21992657175301267,0.05584633154608729,0.008819727942734959,0.00907860052233827,0.006587548461030031,0.006505789320268231
