date,NAV,alpha,tau,regret_ema_norm,week_return,max_drawdown,w_fused
2023-01-06,1.0022254216597204,0.9471957087516785,0.55,1.0,0.0022254216597204536,0.0,[0.0877579  0.08104044 0.08565768 0.69009579 0.05544819]
2023-01-13,1.0099244792909912,1.0,0.55,1.0,0.00768196202658753,0.0,[0.16702384 0.1695713  0.07634403 0.49460564 0.09245519]
2023-01-20,1.0153801897941301,1.0,0.55,1.0,0.005402097498388323,0.0,[0.24919557 0.25955257 0.15616598 0.22119386 0.11389201]
2023-01-27,1.0190214200690697,1.0,0.55,1.0,0.0035860757492990752,0.0,[0.2 0.2 0.2 0.2 0.2]
2023-02-03,1.01813978142532,1.0,0.55,1.0,-0.0008651816599595859,0.0008651816599596462,[0.21339096 0.19171365 0.27121063 0.11994493 0.20373983]
2023-02-10,1.015042506147649,1.0,0.55,1.0,-0.003042092386700598,0.0039046420841193983,[0.15155313 0.15148353 0.41698302 0.11469803 0.16528229]
2023-02-17,1.0123258829978607,1.0,0.55,0.9383404239024172,-0.002676363928933893,0.0065705557698238866,[0.10979582 0.11070649 0.45827803 0.09028467 0.230935  ]
2023-02-24,1.0133679596043617,1.0,0.55,1.0,0.001029388484481819,0.00554793093978815,[0.14164027 0.14530866 0.21969512 0.25610698 0.23724898]
2023-03-03,1.0137525730832808,1.0,0.55,1.0,0.0003795398061226463,0.005170496794298754,[0.10158344 0.10350692 0.38868442 0.30116122 0.10506399]
2023-03-10,1.012590562758876,1.0,0.55,1.0,-0.0011462464858368678,0.006310816616355105,[0.15463999 0.15337567 0.26826525 0.23853773 0.18518136]
2023-03-17,1.0132443059266947,1.0,0.55,1.0,0.000645614517715369,0.005669276453465966,[0.20986831 0.21590764 0.25082117 0.0947018  0.22870108]
2023-03-24,1.0108680541739636,1.0,0.55,1.0,-0.0023451913214135077,0.008001172236942213,[0.14655847 0.15239299 0.4213873  0.08349174 0.1961695 ]
2023-03-31,1.0127109284077647,1.0,0.55,0.825192896297794,0.001823061106928524,0.006192697755928734,[0.22091516 0.24024576 0.33719868 0.07712697 0.12451344]
2023-04-07,1.0165794257272187,1.0,0.55,0.814775872274759,0.003819942306277262,0.0023964111977994294,[0.08822572 0.09115893 0.72938079 0.03618328 0.05505128]
2023-04-14,1.0161465826521157,1.0,0.55,0.738710226175234,-0.0004257838238200843,0.002821174668496358,[0.18495067 0.19237051 0.38204742 0.11999945 0.12063196]
2023-04-21,1.0114390715093604,1.0,0.55,0.7742055739406533,-0.004632708728369537,0.007440813716354815,[0.20127254 0.19572217 0.38051678 0.10759091 0.11489759]
2023-04-28,1.0156768321773313,1.0,0.55,0.7387406774913862,0.0041898328701568295,0.003282156612087426,[0.18532562 0.18525678 0.38216311 0.124648   0.12260649]
2023-05-05,1.0277188662664904,1.0,0.55,0.7396192311907424,0.011856166949623544,0.0,[0.18788331 0.18657128 0.36679831 0.05205031 0.20669679]
2023-05-12,1.0261660472524092,1.0,0.55,0.7726787511548041,-0.0015109375385141846,0.0015109375385141258,[0.15439242 0.16186118 0.36442336 0.13471499 0.18460804]
2023-05-19,1.0232158957263688,1.0,0.55,0.7196899587506627,-0.0028749260745271066,0.0043815197793148,[0.28397531 0.29458288 0.08228599 0.11454048 0.22461534]
2023-05-26,1.0192468558757495,1.0,0.55,0.8561688854229642,-0.0038789857225602843,0.008243509649208048,[0.1447253  0.14923493 0.11272919 0.27112913 0.32218145]
2023-06-02,1.0208165539810643,1.0,0.55,0.8838071097117179,0.0015400568530242423,0.006716148269712078,[0.21080218 0.22355251 0.15889877 0.19248033 0.2142662 ]
2023-06-09,1.0226273548013214,1.0,0.55,0.8996019936961359,0.0017738748585091838,0.004954187017764467,[0.272138   0.29578552 0.25777029 0.09280325 0.08150294]
2023-06-16,1.0274306132165887,1.0,0.55,0.9890906231257212,0.004696978222531941,0.0002804785037652706,[0.16351513 0.17063213 0.24223906 0.23151723 0.19209644]
2023-06-23,1.0249723019574577,1.0,0.55,1.0,-0.002392678617424795,0.0026724860262714676,[0.06608565 0.06873645 0.18008419 0.6119221  0.0731716 ]
2023-06-30,1.0245931654305709,1.0,0.55,0.8806630829373455,-0.00036989929012010635,0.00304139676570758,[0.30043555 0.31732459 0.1926117  0.12938449 0.06024367]
2023-07-07,1.026787270203011,1.0,0.55,0.9564022898003904,0.0021414399846382353,0.0009064697497125764,[0.2066454  0.20495838 0.19668969 0.33082068 0.06088585]
2023-07-14,1.0311720643563937,1.0,0.55,0.866282200869085,0.0042704017478868185,0.0,[0.16655453 0.17681999 0.22023681 0.34476355 0.09162512]
2023-07-21,1.0362581450087387,1.0,0.55,0.7890294697061347,0.004932329751892037,0.0,[0.13721532 0.13945788 0.30433523 0.18004829 0.23894328]
2023-07-28,1.0425394010074005,1.0,0.55,0.9474851681617674,0.0060614780486081795,0.0,[0.13585114 0.13745071 0.14680932 0.14601471 0.43387412]
2023-08-04,1.0423919755194782,1.0,0.55,0.8079842015105787,-0.0001414099915839832,0.00014140999158390705,[0.15139694 0.15728201 0.19877426 0.29270211 0.19984468]
2023-08-11,1.0367827371463045,1.0,0.55,0.7546354959121448,-0.005381121981851606,0.005521771029021381,[0.17348056 0.18050045 0.17650069 0.37046235 0.09905595]
2023-08-18,1.0300032090485765,1.0,0.55,0.8220092005968799,-0.006539005574483732,0.012024669711965218,[0.29343868 0.40656132 0.0586857  0.17347795 0.06783635]
2023-08-25,1.0252541623994251,1.0,0.55,0.7873283957116942,-0.004610710537045763,0.016579937977665625,[0.36079902 0.30387257 0.07366872 0.19505133 0.06660836]
2023-09-01,1.0290325889140652,1.0,0.55,0.6827387770744371,0.0036853559372999043,0.012955685013231825,[0.11325734 0.10916406 0.14288848 0.51479637 0.11989375]
2023-09-08,1.024847066085656,1.0,0.55,0.6589724521360317,-0.004067434669708932,0.01697042328054804,[0.210033   0.18363546 0.1316784  0.26742987 0.20722328]
2023-09-15,1.0232618507848759,1.0,0.55,0.6070504936442449,-0.0015467822987819803,0.018490956028996933,[0.31514567 0.31135872 0.08734353 0.20030941 0.08584268]
2023-09-22,1.023304840445201,1.0,0.55,0.5435865999554844,4.201237473297268e-05,0.01844972050323783,[0.311966   0.33749785 0.10793444 0.12253175 0.12006996]
2023-09-29,1.0237116382487863,1.0,0.55,0.5158876956727104,0.00039753335223974116,0.018059521530237634,[0.32112439 0.35576108 0.14100746 0.05453707 0.12756999]
2023-10-06,1.024118597768066,1.0,0.55,0.45908802041750707,0.00039753335223974116,0.017669167440131812,[0.32112439 0.35576108 0.14100746 0.05453707 0.12756999]
2023-10-13,1.0179055359238027,1.0,0.55,0.4039758738577352,-0.006066740568723171,0.023628713753930254,[0.26662993 0.26381002 0.19946653 0.07975317 0.19034034]
2023-10-20,1.0101143716996077,1.0,0.55,0.9410780476458329,-0.007654113224882009,0.031101970128381378,[0.18346533 0.18585849 0.39160037 0.09133124 0.14774456]
2023-10-27,1.013213779737228,1.0,0.55,0.8031467845590463,0.003068373368854525,0.028129029216387665,[0.15534763 0.15827067 0.11535311 0.10137591 0.46965268]
2023-11-03,1.0180366053237746,1.0,0.55,0.7067411556318527,0.004759928934047204,0.023502992462394203,[0.1894935  0.16973626 0.25233639 0.22216493 0.16626892]
2023-11-10,1.016164530586581,1.0,0.55,0.6248437028807928,-0.001838907095681749,0.02529867973846709,[0.30169851 0.32473734 0.12970626 0.09178105 0.15207684]
2023-11-17,1.016145394771362,1.0,0.55,0.6159197121091728,-1.8831414247528247e-05,0.025317034742796493,[0.20867718 0.21765535 0.22268935 0.09591163 0.25506649]
2023-11-24,1.0085623541242748,1.0,0.55,0.564778451182738,-0.007462554754571561,0.032590659739376665,[0.28236094 0.29138732 0.11054345 0.16138076 0.15432752]
2023-12-01,1.0015838638098107,1.0,0.55,0.7156931041812987,-0.0069192452860521916,0.03928440225665782,[0.2859385  0.3095056  0.09468137 0.05423242 0.25564212]
2023-12-08,0.997511721283269,1.0,0.55,0.7368134115412452,-0.004065703006687917,0.0431903865509749,[0.14843526 0.14647843 0.4903881  0.07467935 0.14001886]
2023-12-15,0.9954603908275894,1.0,0.55,0.7202773992198914,-0.0020564474701517065,0.04515801525996896,[0.15601732 0.15959484 0.13859421 0.14786924 0.39792438]
2023-12-22,0.9950629157200283,1.0,0.55,0.7126433857901132,-0.00039928771774713827,0.0455392719368649,[0.21382466 0.20348747 0.16502685 0.18414362 0.23351741]
2023-12-29,1.0010759052728075,1.0,0.55,0.7373117718651118,0.006042823481596925,0.03977163423706288,[0.11835361 0.13342227 0.09056628 0.49735922 0.16029861]
2024-01-05,0.9931692708220354,1.0,0.55,0.77119204939244,-0.007898136803739656,0.047355649232689874,[0.17144071 0.1969531  0.12790643 0.33644901 0.16725075]
2024-01-12,0.9855714781361885,1.0,0.55,0.6477952839826329,-0.007650048092565626,0.054643424331170774,[0.13044955 0.14491244 0.2514116  0.28765154 0.18557487]
2024-01-19,0.9833674444129717,1.0,0.55,0.6032498808196858,-0.0022363002299790567,0.05675752545875119,[0.0951817  0.17451547 0.27373461 0.17443726 0.28213097]
2024-01-26,0.984192004782855,1.0,0.55,0.6208049436741342,0.0008385068822116004,0.05596661015225396,[0.07426651 0.10657675 0.29006027 0.29036784 0.23872863]
2024-02-02,0.9823137648744933,1.0,0.55,0.6177554724120006,-0.0019084080131052132,0.05776821103807826,[0.11351477 0.12091857 0.15424884 0.31877958 0.29253824]
2024-02-09,0.983924481060236,1.0,0.55,0.8662405428667742,0.0016397165990527892,0.056223217933562226,[0.08266038 0.08226747 0.14366558 0.37384836 0.31755821]
2024-02-16,0.9855378383640447,1.0,0.55,1.0,0.0016397165990527892,0.05467569147820739,[0.08266038 0.08226747 0.14366558 0.37384836 0.31755821]
2024-02-23,0.9890403451504278,1.0,0.55,1.0,0.0035539039193025887,0.051316099713139676,[0.12647771 0.14000259 0.1115408  0.27750763 0.34447126]
2024-03-01,0.9924739266907399,1.0,0.55,0.8631081593758304,0.0034716294003049562,0.04802262079330779,[0.09948307 0.10055873 0.38542933 0.24100408 0.17352479]
2024-03-08,1.0019060157188102,1.0,0.55,0.9382975524221682,0.009503613923158917,0.0389753953177467,[0.21978912 0.1930925  0.21455418 0.0692294  0.3033348 ]
2024-03-15,1.0049466068263784,1.0,0.55,0.8238675217354263,0.003034806718259617,0.03605887139104422,[0.31831134 0.35533859 0.07198281 0.05417344 0.20019381]
2024-03-22,1.0052945447850468,1.0,0.55,0.7422084080107411,0.00034622531814599997,0.03572513056711739,[0.3087286  0.31547196 0.0737592  0.08944018 0.21260005]
2024-03-29,1.008682669425249,1.0,0.55,0.9148863454491404,0.003370280538950644,0.032475253740468536,[0.26977276 0.25412713 0.17414252 0.20271671 0.09924088]
2024-04-05,1.0204858350795518,1.0,0.55,1.0,0.011701564835081482,0.021153700192566762,[0.1734132  0.17399615 0.27700514 0.21995638 0.15562913]
2024-04-12,1.0311474729935266,1.0,0.55,1.0,0.010447609900576195,0.010927095899556349,[0.08380901 0.08283447 0.62292458 0.06500619 0.14542576]
2024-04-19,1.03462498691944,1.0,0.55,0.9018419617260635,0.0033724700074353586,0.007591477195310706,[0.15904347 0.15276436 0.21178686 0.12023036 0.35617495]
2024-04-26,1.0328885910675525,1.0,0.55,0.8316635543383818,-0.0016782852471575597,0.009257021778287215,[0.2336896  0.22138776 0.19584639 0.14202592 0.20705033]
2024-05-03,1.0362234338902836,1.0,0.55,0.822937170269781,0.0032286568479611916,0.006058252677082342,[0.06737074 0.06461404 0.02185143 0.02441463 0.82174916]
2024-05-10,1.045231089769361,1.0,0.55,0.6682978415492071,0.00869277376333809,0.0,[0.15521871 0.14628611 0.08208812 0.45715737 0.15924969]
2024-05-17,1.0471026509209063,1.0,0.55,0.5721830295916103,0.0017905716447433617,0.0,[0.21220766 0.2076268  0.30280427 0.17832307 0.0990382 ]
2024-05-24,1.042016137244091,1.0,0.55,0.5826690264280069,-0.004857702988662698,0.004857702988662803,[0.23835685 0.21094248 0.18284574 0.04969406 0.31816087]
2024-05-31,1.0400485157705202,1.0,0.55,0.5396994539245036,-0.0018882831112144388,0.006736813381364412,[0.35686847 0.3000574  0.1860646  0.08060793 0.0764016 ]
2024-06-07,1.0415799658889031,1.0,0.55,0.4812092064585642,0.001472479499908959,0.005274253701054101,[0.27167856 0.26157451 0.24670734 0.12223874 0.09780084]
2024-06-14,1.0348681052104338,1.0,0.55,0.43953356721432435,-0.006443922596707421,0.011684189415156577,[0.22930211 0.22802963 0.232966   0.12834816 0.18135411]
2024-06-21,1.0308898223129142,1.0,0.55,0.49914900148635166,-0.003844241481102231,0.015483514050636056,[0.25226413 0.27643287 0.22670224 0.06333019 0.18127058]
2024-06-28,1.0324835206458247,1.0,0.55,0.558184089353577,0.0015459443855356872,0.013961506316715281,[0.2866878  0.24272469 0.28049541 0.070534   0.1195581 ]
2024-07-05,1.0289695131364276,1.0,0.55,0.5776266311103,-0.0034034514247734205,0.017317440432923104,[0.32004896 0.26891074 0.14010168 0.0914933  0.17944532]
2024-07-12,1.030673018292658,1.0,0.55,0.5527451779945031,0.0016555448285712066,0.015690565403304747,[0.12509703 0.11789733 0.30645419 0.34521319 0.10533826]
2024-07-19,1.0381751625140254,1.0,0.55,0.5750423365133243,0.007278879031678785,0.008525896099135356,[0.32185886 0.32038898 0.13631528 0.11395068 0.10748621]
2024-07-26,1.0361821831136797,1.0,0.55,0.7683237268715388,-0.0019196947416074142,0.010429223722833874,[0.13392176 0.13153534 0.22973784 0.16678573 0.33801934]
2024-08-02,1.0379345490423355,1.0,0.55,0.7827253043087441,0.0016911755067917508,0.008755685863757091,[0.14524238 0.14472129 0.21449238 0.16229288 0.33325107]
2024-08-09,1.0272037047212184,1.0,0.55,0.6844728886139835,-0.01033865221175852,0.01900381608449484,[0.21271749 0.22176819 0.14593904 0.09222588 0.32734939]
2024-08-16,1.0254613929713285,1.0,0.55,0.65642417003336,-0.0016961696515324597,0.02066775203992145,[0.30403626 0.29626998 0.09048069 0.09399354 0.21521953]
2024-08-23,1.0268962203874417,1.0,0.55,0.6287969796732276,0.0013992017895044656,0.01929746860605638,[0.22348701 0.22338547 0.06933036 0.41167567 0.07212149]
2024-08-30,1.02850308307572,1.0,0.55,0.6721140022847029,0.0015647761247693534,0.017762888699430074,[0.33562797 0.34031629 0.06675526 0.15002422 0.10727625]
2024-09-06,1.025928489180475,1.0,0.55,0.8667122414036824,-0.0025032437312155088,0.020221667590860394,[0.22901457 0.23258966 0.07260947 0.26093379 0.20485251]
2024-09-13,1.0199954897633672,1.0,0.55,0.843378865276238,-0.005783053575056778,0.02588777817886228,[0.36611838 0.33388162 0.0838378  0.14466926 0.07149294]
2024-09-20,1.0228624422369343,1.0,0.55,0.7623947819636403,0.0028107501477603178,0.02314979210744346,[0.13083394 0.29466381 0.12121577 0.33798108 0.11530541]
2024-09-27,1.0293397794538854,1.0,0.55,1.0,0.0063325594424852435,0.0169638300995597,[0.06347107 0.05413737 0.23946408 0.41093168 0.2319958 ]
2024-10-04,1.0444861560771124,1.0,0.55,1.0,0.014714651979410262,0.002498794976302215,[0.06998928 0.08125991 0.12584327 0.49630957 0.22659796]
2024-10-11,1.0392118190095594,1.0,0.55,0.8424187840181891,-0.0050496955243164434,0.007535872346810546,[0.04914511 0.04672318 0.17406194 0.27740564 0.45266413]
2024-10-18,1.0439112297352295,1.0,0.55,0.7254764277030354,0.004522091300067224,0.0030478589495212638,[0.14561316 0.15157829 0.2496408  0.21052708 0.24264067]
2024-10-25,1.0414878736042634,1.0,0.55,0.6080396414953796,-0.002321419735642515,0.005362203325246815,[0.18804497 0.1935354  0.11644952 0.17669006 0.32528005]
2024-11-01,1.0408640810134302,1.0,0.55,0.5294344111684776,-0.000598943690697526,0.00595793535809442,[0.25291992 0.24831553 0.08692056 0.20038877 0.21145522]
2024-11-08,1.0469450774630986,1.0,0.55,0.4599630258115523,0.0058422579475964544,0.00015048520569503317,[0.1320161  0.13403109 0.45117827 0.10710354 0.175671  ]
2024-11-15,1.0394333417995207,1.0,0.55,0.4141066498660715,-0.0071749090045677855,0.007324314492605399,[0.12104357 0.12110071 0.33713958 0.28078333 0.13993282]
2024-11-22,1.0351638762808189,1.0,0.55,0.44555066831701623,-0.004107493330270101,0.011401723249948316,[0.27021739 0.26677443 0.17726073 0.04444605 0.2413014 ]
2024-11-29,1.038406177000489,1.0,0.55,0.3733757965645115,0.0031321617706748235,0.00830527352095689,[0.29424489 0.27660561 0.1177455  0.02503252 0.28637148]
2024-12-06,1.0395814909092682,1.0,0.55,0.35324775710440154,0.001131844103792043,0.007182829692030039,[0.32543946 0.30940624 0.16390364 0.12198772 0.07926295]
2024-12-13,1.041537201263903,1.0,0.55,0.4268198274423503,0.0018812477633900725,0.005315094610932869,[0.33251793 0.34009451 0.09811099 0.13718553 0.09209105]
2024-12-20,1.040124004291417,1.0,0.55,0.38168287535192286,-0.001356837730588015,0.0066647206206112,[0.32454482 0.37545517 0.05914906 0.08662859 0.15422235]
2024-12-27,1.0412958397764023,1.0,0.55,0.3297674190735569,0.0011266305557321792,0.005545598742775611,[0.35084849 0.34915151 0.11524682 0.1159215  0.06883167]
2025-01-03,1.0420241445349607,1.0,0.55,0.39478486899293946,0.0006994215579645156,0.004850055896123545,[0.13849213 0.13317163 0.08606785 0.28178432 0.36048407]
2025-01-10,1.0401940142453256,1.0,0.55,0.34692447689614375,-0.001756322345536405,0.006597859980112365,[0.18854865 0.17548892 0.07899672 0.44600253 0.11096318]
2025-01-17,1.043689701250637,1.0,0.55,0.3547936333972564,0.0033606105759487466,0.003259422242191499,[0.28415762 0.30961068 0.07808376 0.2614557  0.06669223]
2025-01-24,1.0446090859385306,1.0,0.55,0.32307809930584513,0.0008808984957808085,0.0023813949665609075,[0.19433916 0.1898934  0.19579048 0.24937767 0.17059929]
2025-01-31,1.0470122376983555,1.0,0.55,0.27402532244966543,0.00230052733809582,8.634609268847743e-05,[0.09955644 0.11675569 0.01811507 0.73051019 0.03506261]
2025-02-07,1.0553149404537345,1.0,0.55,0.2330536697863239,0.00792990039317091,0.0,[0.11542929 0.10828689 0.46281063 0.07372969 0.23974349]
2025-02-14,1.0552064502124192,1.0,0.55,0.2904697552706139,-0.00010280366282756056,0.00010280366282758409,[0.35884867 0.34115133 0.09860556 0.10767377 0.09372067]
2025-02-21,1.0530882743267025,1.0,0.55,0.2764092622761089,-0.002007356840256432,0.002109954139448344,[0.32134934 0.37865066 0.16771986 0.07132047 0.06095966]
2025-02-28,1.0457614464846121,1.0,0.55,0.24926353124429798,-0.006957467878725441,0.009052742080022932,[0.33814064 0.36185936 0.10732763 0.08091352 0.11175885]
2025-03-07,1.0464461645818206,1.0,0.55,0.21205072468299116,0.0006547555367527966,0.00840391387626975,[0.3772546  0.3227454  0.09535618 0.11640151 0.08824231]
2025-03-14,1.0498977639609028,1.0,0.55,0.19345693514111842,0.0032984012899140336,0.005133232066725563,[0.28909095 0.28406265 0.07687183 0.20155841 0.14841615]
2025-03-21,1.0440011379105418,1.0,0.55,0.1962868627769374,-0.005616381187550165,0.01072078306626485,[0.35617769 0.34382231 0.09041445 0.12239317 0.08719238]
2025-03-28,1.0439116241688542,1.0,0.55,0.1985292403302305,-8.574103843093095e-05,0.010805604893623,[0.32987242 0.33095197 0.07594899 0.11613967 0.14708695]
2025-04-04,1.0457753143581565,1.0,0.55,0.24363712217760738,0.0017852949868108563,0.009039601099058102,[0.40853557 0.19381367 0.12647291 0.18295575 0.0882221 ]
2025-04-11,1.0513954005092052,1.0,0.55,0.2585177295538184,0.005374085689236204,0.0037140950007247147,[0.15263563 0.12164061 0.49963013 0.09815737 0.12793626]
2025-04-18,1.0521890437028487,1.0,0.55,0.30041254873866,0.0007548475038592151,0.002962051072205829,[0.21091087 0.21473836 0.24049608 0.18085548 0.15299921]
2025-04-25,1.0506914510259187,1.0,0.55,0.2649538325276022,-0.0014233114152755195,0.004381146566377613,[0.36858413 0.33141587 0.17840763 0.03281643 0.08877594]
2025-05-02,1.0482673115417493,1.0,0.55,0.24001460202677977,-0.002307184932172467,0.006678223383206384,[0.37579689 0.32420311 0.13524687 0.05892858 0.10582455]
2025-05-09,1.051141826440815,1.0,0.55,0.19776957486099156,0.002742158290558432,0.003954377838264371,[0.28792079 0.34077087 0.12158706 0.14840411 0.10131717]
2025-05-16,1.0498031423949032,1.0,0.55,0.1895931078173046,-0.00127355225740049,0.005222893988842305,[0.21598717 0.21295836 0.06232848 0.03056328 0.4781627 ]
2025-05-23,1.0510091204627026,1.0,0.55,0.208604327990385,0.0011487659153393134,0.004080127956096852,[0.33566561 0.33964018 0.1120423  0.03038002 0.1822719 ]
2025-05-30,1.048351518675703,1.0,0.55,0.18944587587440503,-0.002528619148261483,0.006598430014681216,[0.3002288  0.29456541 0.19443724 0.05325234 0.15751621]
2025-06-06,1.0535750635001515,1.0,0.55,0.17816155378910967,0.0049826272308422116,0.0016486803009108885,[0.23891189 0.22582958 0.18821615 0.09374654 0.25329584]
2025-06-13,1.053490447830402,1.0,0.55,0.16358240014457512,-8.031290097968557e-05,0.0017288607915928631,[0.39473435 0.30526565 0.12797044 0.05689439 0.11513517]
2025-06-20,1.0527028846543927,1.0,0.55,0.16594552766040602,-0.000747575051706578,0.0024751433901038246,[0.10584617 0.3135014  0.19182114 0.10387851 0.28495277]
2025-06-27,1.0485421438197355,1.0,0.55,0.17376913966715715,-0.003952436053239479,0.006417796597371221,[0.11322191 0.2089538  0.20284548 0.37902633 0.09595248]
2025-07-04,1.0511476081907696,1.0,0.55,0.14663074368647805,0.0024848446830591994,0.003948899142063884,[0.24593692 0.25860423 0.26337843 0.13214887 0.09993155]
2025-07-11,1.0522904323394702,1.0,0.55,0.14145134010686003,0.001087215667709803,0.0028659767793716294,[0.31626978 0.31068393 0.07495565 0.06650142 0.23158921]
2025-07-18,1.0550461086839464,1.0,0.55,0.1465529889949768,0.0026187412332065725,0.0002547407977304925,[0.34266116 0.31842505 0.08803643 0.11831853 0.13255883]
2025-07-25,1.0545445941748632,1.0,0.55,0.13353433614659346,-0.0004753484278604504,0.0007299681349532307,[0.30059711 0.30787867 0.10445983 0.18355133 0.10351306]
2025-08-01,1.0508031469931574,1.0,0.55,0.1438916740605226,-0.0035479269462600793,0.004275305207597383,[0.23880847 0.23330057 0.11535465 0.20815079 0.20438551]
2025-08-08,1.054840748327923,1.0,0.55,0.12872028522915008,0.0038423955488894783,0.0004493370724076815,[0.21043164 0.20150675 0.26006405 0.12748594 0.20051161]
2025-08-15,1.0579952783680262,1.0,0.55,0.12956757993360452,0.002990527285852037,0.0,[0.35596613 0.34403387 0.14375592 0.06828281 0.08796127]
2025-08-22,1.061650776679306,1.0,0.55,0.13037798734957923,0.0034551177930760416,0.0,[0.30807031 0.33179312 0.15780211 0.15177072 0.05056374]
2025-08-29,1.0657761526196132,1.0,0.55,0.10917985073590068,0.003885812576910636,0.0,[0.20068543 0.22848376 0.12077843 0.23937416 0.21067823]
2025-09-05,1.0671372985166103,1.0,0.55,0.1503587588874537,0.0012771405080244515,0.0,[0.16217399 0.15831437 0.25630024 0.15940972 0.26380169]
2025-09-12,1.070150660915549,1.0,0.55,0.1442576341945182,0.0028237813476553754,0.0,[0.1431591  0.14764763 0.21169774 0.24123788 0.25625765]
2025-09-19,1.066632977212344,1.0,0.55,0.13496515481272628,-0.003287092025150332,0.003287092025150402,[0.21626842 0.21913123 0.18423024 0.16614681 0.21422331]
2025-09-26,1.0647175206423805,1.0,0.55,0.1994585116456888,-0.001795797252555929,0.00507698632687869,[0.32711411 0.30172354 0.0326609  0.11597949 0.22252195]
2025-10-03,1.0698452597522736,1.0,0.55,0.17704796376117715,0.004816055911993786,0.00028538146489951653,[0.29487776 0.2855245  0.02607305 0.2847761  0.10874859]
2025-10-10,1.0744821453374622,1.0,0.55,0.22087222163665868,0.004334164724216536,0.0,[0.2 0.2 0.2 0.2 0.2]
2025-10-17,1.074196983557338,1.0,0.55,0.3580485049978122,-0.0002653946195027144,0.0002653946195026964,[0.2169606  0.21232022 0.2028368  0.08450235 0.28338003]
2025-10-24,1.0784478255837675,1.0,0.55,0.3259337072338927,0.003957227670061447,0.0,[0.19777347 0.20036311 0.38887806 0.03258529 0.18040007]
2025-10-31,1.0777385431224642,1.0,0.55,0.3072635338848829,-0.0006576882483112203,0.0006576882483112891,[0.26584109 0.28749556 0.15131842 0.10212738 0.19321755]
2025-11-07,1.078329960252383,1.0,0.55,0.25913109190262773,0.000548757519801905,0.00010929163988129818,[0.22503624 0.22098259 0.14311384 0.19253842 0.21832891]
2025-11-14,1.0751085894057397,1.0,0.55,0.25553568350181993,-0.0029873702534328073,0.0030963353987201398,[0.25771529 0.30293181 0.2591815  0.05235488 0.12781652]
2025-11-21,1.065904082394726,1.0,0.55,0.2620316523495581,-0.008561467280343946,0.011631293504858838,[0.18638807 0.18664605 0.45931872 0.05796039 0.10968676]
2025-11-28,1.0693775108513959,1.0,0.55,0.2547644970165724,0.0032586688746574512,0.008410527164317698,[0.16228623 0.18057256 0.41172351 0.1189184  0.12649931]
2025-12-05,1.0688808334062656,1.0,0.55,0.23626113841664106,-0.00046445473192600065,0.00887107558710432,[0.15850137 0.17158307 0.44286626 0.15854754 0.06850177]
2025-12-12,1.0673638934602905,1.0,0.55,0.20671126379751784,-0.0014191852810578665,0.0102776711682619,[0.28595745 0.13615133 0.18896017 0.26496091 0.12397014]
2025-12-19,1.06785087930556,1.0,0.55,0.186003861166601,0.00045625100141910525,0.00982610936460578,[0.10937012 0.10267601 0.3689018  0.20579907 0.21325299]
2025-12-26,1.0703840173891175,1.0,0.55,0.1957289181945441,0.0023721833569165414,0.00747723534078717,[0.15123934 0.16146095 0.26860775 0.15415215 0.2645398 ]
2026-01-02,1.0619035753508954,1.0,0.55,0.19297215564962847,-0.007922803312130473,0.015340797987994119,[0.22513604 0.23670664 0.23781619 0.08238134 0.21795979]
2026-01-09,1.071428115983062,1.0,0.55,0.18056656922899322,0.00896930837531024,0.006509085960561534,[0.22680862 0.23586125 0.09418135 0.17597793 0.26717085]
2026-01-16,1.0728161816294248,1.0,0.55,0.2022360596955212,0.0012955284873117443,0.005221990179538126,[0.13659618 0.13531985 0.18928564 0.35646025 0.18233807]
2026-01-23,1.0732910286065718,1.0,0.55,0.2514997853741724,0.0004426172771051316,0.004781684245507511,[0.07949281 0.35640925 0.27093805 0.12540417 0.16775572]
2026-01-30,1.0756175269917676,1.0,0.55,0.2318072223910196,0.0021676305151048262,0.0026244186550868627,[0.08202847 0.18377049 0.49104431 0.06576077 0.17739596]
2026-02-06,1.0769925566679697,1.0,0.55,0.2158122090271406,0.0012783630256080183,0.0013494105892513566,[0.08153264 0.08186484 0.72239146 0.0229567  0.09125436]
2026-02-13,1.0827271403277783,1.0,0.55,0.17971777368248398,0.0053246270127903575,0.0,[0.07093233 0.0742481  0.47451704 0.03478958 0.34551294]
2026-02-20,1.0860745438635382,1.0,0.55,0.152795190367156,0.0030916409232584386,0.0,[0.2 0.2 0.2 0.2 0.2]
2026-02-27,1.0860572843762313,1.0,0.55,0.1595372861950844,-1.589162309748771e-05,1.5891623097536974e-05,[0.27938976 0.2679547  0.11131431 0.24030881 0.10103242]
2026-03-06,1.0920266530164504,1.0,0.55,0.2962759356558819,0.0054963662838903886,0.0,[0.15633937 0.16309376 0.32913765 0.13954923 0.21187999]
2026-03-13,1.0960564503321586,1.0,0.55,0.42992543007720974,0.003690200513492111,0.0,[0.15392942 0.15652186 0.33154359 0.22372686 0.13427826]
2026-03-20,1.084576483769614,1.0,0.55,0.4183211277910382,-0.010473882580651371,0.010473882580651477,[0.20183187 0.18823081 0.38150713 0.16366099 0.06476921]
2026-03-27,1.0711057057507358,1.0,0.55,0.3522511049047329,-0.012420311725788408,0.022764105419808875,[0.25610754 0.24751078 0.16613195 0.15098121 0.17926852]
2026-04-03,1.0657147923627464,1.0,0.55,0.340345311067492,-0.005033035823678142,0.027682568685415094,[0.26328116 0.25121053 0.18301902 0.12379793 0.17869137]
2026-04-10,1.0703486256202686,1.0,0.55,0.30985167532110836,0.004348098844765737,0.023454836385570572,[0.11622307 0.11543102 0.47228402 0.18910936 0.10695253]
2026-04-17,1.0753801840780355,1.0,0.55,0.34707122127484225,0.0047008594558163265,0.01886423481916209,[0.06242963 0.0635857  0.61791066 0.20683131 0.0492427 ]
