NAV,alpha,tau,regret_ema_norm,week_return,max_drawdown,w_fused
1.0058682148482145,0.38600777089595795,20.0,1.0,0.005868214848214534,0.0,[0.29843198 0.21737035 0.20038601 0.14248484 0.14132682]
1.0121352165383386,0.2761122137308121,20.0,1.0,0.00623044012884904,0.0,[0.27040861 0.21242505 0.20027611 0.15885928 0.15803094]
1.0159893200344203,0.1698475331068039,20.0,1.0,0.0038078938793013645,0.0,[0.24331112 0.20764314 0.20016985 0.17469272 0.17418317]
1.0197221526378826,0.06739035248756409,20.0,1.0,0.0036740864592314164,0.0,[0.21718454 0.20303257 0.20006739 0.18995884 0.18975667]
1.0180449728801453,0.0,20.0,1.0,-0.0016447419068015326,0.0016447419068014305,[0.2 0.2 0.2 0.2 0.2]
1.013131766769493,0.0,20.0,1.0,-0.004826118925524785,0.006462923112282229,[0.2 0.2 0.2 0.2 0.2]
1.0093730770540426,0.0,20.0,0.9486347157333634,-0.0037099712384258817,0.010148917091845426,[0.2 0.2 0.2 0.2 0.2]
1.0107087101253789,0.0,20.0,0.8657672886915372,0.0013232303314791023,0.008839116115293895,[0.2 0.2 0.2 0.2 0.2]
1.01157113612163,0.0,20.0,0.9563678917174239,0.0008532883783538608,0.007993370051996062,[0.2 0.2 0.2 0.2 0.2]
1.0083307443432945,0.0,20.0,1.0,-0.003203325661069445,0.011171090345659397,[0.2 0.2 0.2 0.2 0.2]
1.0114409906037927,0.0,20.0,1.0,0.0030845496658181482,0.008120998462833887,[0.2 0.2 0.2 0.2 0.2]
1.0120804115655513,0.0,20.0,1.0,0.0006321881036056303,0.007493944357846049,[0.2 0.2 0.2 0.2 0.2]
1.013396879496844,0.0,20.0,0.8297134861323707,0.0013007542841940826,0.006202937853881048,[0.2 0.2 0.2 0.2 0.2]
1.0203446341334834,0.0,20.0,0.7910972348861859,0.006855906878348792,0.0,[0.2 0.2 0.2 0.2 0.2]
1.019310496491725,0.0,20.0,0.7619462195301439,-0.001013517989082921,0.0010135179890828209,[0.2 0.2 0.2 0.2 0.2]
1.010982308377536,0.0,20.0,0.857611350021607,-0.008170413375368097,0.009175650503516661,[0.2 0.2 0.2 0.2 0.2]
1.0144134721736116,0.0,20.0,0.8151541647323546,0.0033938910380955545,0.005812900623433808,[0.2 0.2 0.2 0.2 0.2]
1.0257109379810818,0.0,20.0,0.8228272939554574,0.011136943778223723,0.0,[0.2 0.2 0.2 0.2 0.2]
1.0215717073792392,0.0,20.0,0.8944155589329226,-0.004035474760549976,0.004035474760549905,[0.2 0.2 0.2 0.2 0.2]
1.0179015831107017,0.0,20.0,0.8209728657223087,-0.0035926252088098977,0.0076136020210054375,[0.2 0.2 0.2 0.2 0.2]
1.0136105305870438,0.0,20.0,0.8761320797109672,-0.004215586845384955,0.011797093065864565,[0.2 0.2 0.2 0.2 0.2]
1.0153770415329,0.0,20.0,0.8761383053945578,0.0017427906405363138,0.0100748622887089,[0.2 0.2 0.2 0.2 0.2]
1.0181514666350568,0.0,20.0,0.8787639602841997,0.0027324087394848765,0.007369982190990731,[0.2 0.2 0.2 0.2 0.2]
1.024919529481266,0.0,20.0,0.9658170214819902,0.006647402737214961,0.0007715706935654561,[0.2 0.2 0.2 0.2 0.2]
1.0281100615083245,0.0,20.0,1.0,0.003112958564340398,0.0,[0.2 0.2 0.2 0.2 0.2]
1.0261931106980104,0.0,20.0,0.8787882064269659,-0.0018645385178915077,0.0018645385178914962,[0.2 0.2 0.2 0.2 0.2]
1.031076895839753,0.0,20.0,0.9137256720953345,0.0047591287554255455,0.0,[0.2 0.2 0.2 0.2 0.2]
1.0361735048551712,0.0,20.0,0.8338574821960365,0.00494299604227623,0.0,[0.2 0.2 0.2 0.2 0.2]
1.0393164340027266,0.0,20.0,0.7757374780057318,0.00303320740477198,0.0,[0.2 0.2 0.2 0.2 0.2]
1.0452729913356011,0.0,20.0,0.8863042106158014,0.005731225965449441,0.0,[0.2 0.2 0.2 0.2 0.2]
1.0458501354442193,0.0,20.0,0.7548126598038649,0.0005521467725677836,0.0,[0.2 0.2 0.2 0.2 0.2]
1.0398449736597108,0.0,20.0,0.7343432355250795,-0.005741895115745056,0.005741895115745081,[0.2 0.2 0.2 0.2 0.2]
1.0402139245176132,0.0,20.0,0.7852410332560225,0.000354813330109809,0.005389119086562249,[0.2 0.2 0.2 0.2 0.2]
1.0373711974922952,0.0,20.0,0.725359001569028,-0.0027328292366748724,0.008107220781037362,[0.2 0.2 0.2 0.2 0.2]
1.040789619701685,0.0,20.0,0.6953012823346161,0.0032952738784857365,0.004838662415418507,[0.2 0.2 0.2 0.2 0.2]
1.0350361956093497,0.0,20.0,0.7382211187541842,-0.00552794146235282,0.010339856035182808,[0.2 0.2 0.2 0.2 0.2]
1.0339744611138604,0.0,20.0,0.6656336948098837,-0.0010257945567441898,0.0113550440238886,[0.2 0.2 0.2 0.2 0.2]
1.031003394580176,0.0,20.0,0.6427718044045453,-0.0028734428609425286,0.01419585881464488,[0.2 0.2 0.2 0.2 0.2]
1.0258738823620008,0.0,20.0,0.6436835506705495,-0.004975262201017164,0.019100492895890577,[0.2 0.2 0.2 0.2 0.2]
1.0207698908120744,0.0,20.0,0.6444129476833527,-0.004975262201017164,0.023980725136582094,[0.2 0.2 0.2 0.2 0.2]
1.0138077853648517,0.0,20.0,0.5799549675691719,-0.006820445538106407,0.030637611444930206,[0.2 0.2 0.2 0.2 0.2]
1.0109257491177293,0.0,20.0,0.9889126471666856,-0.0028427836999547758,0.033393299042463805,[0.2 0.2 0.2 0.2 0.2]
1.015350932345148,0.0,20.0,0.8708607798373462,0.004377357319546621,0.02916211612490447,[0.2 0.2 0.2 0.2 0.2]
1.0200774608137853,0.0,20.0,0.7836999428469703,0.004655068822087338,0.024642798960376175,[0.2 0.2 0.2 0.2 0.2]
1.0165882733352973,0.0,20.0,0.6836868650544643,-0.0034205122772777434,0.027979020241263523,[0.2 0.2 0.2 0.2 0.2]
1.0165885320795562,0.0,20.0,0.6476884944827478,2.5452217563023257e-07,0.02797877284036913,[0.2 0.2 0.2 0.2 0.2]
1.0073426794477907,0.0,20.0,0.6003647920763204,-0.009094980259960226,0.03681928671364836,[0.2 0.2 0.2 0.2 0.2]
1.004738871128821,0.0,20.0,0.7236155066102419,-0.0025848287500308364,0.03930894391282606,[0.2 0.2 0.2 0.2 0.2]
1.0001056467592746,0.0,20.0,0.7214138641419794,-0.0046113716734586755,0.04373904743581164,[0.2 0.2 0.2 0.2 0.2]
0.9987849078508105,0.0,20.0,0.7796419190394642,-0.0013205993914180815,0.04500188506780477,[0.2 0.2 0.2 0.2 0.2]
0.9990106950160315,0.0,20.0,0.7183892052318325,0.00022606185120155754,0.044785996426049204,[0.2 0.2 0.2 0.2 0.2]
1.0093208130688764,0.0,20.0,0.7352550520745111,0.010320328004776261,0.03492787459441047,[0.2 0.2 0.2 0.2 0.2]
1.0009952411893248,0.0,20.0,0.7921334717574497,-0.008248687406174987,0.04288845288129417,[0.2 0.2 0.2 0.2 0.2]
0.9931341779864225,0.0,20.0,0.6706053878098766,-0.007853247327691881,0.0504048865810072,[0.2 0.2 0.2 0.2 0.2]
0.990091606973413,0.0,20.0,0.6320999445535594,-0.003063605180901288,0.05331407109023624,[0.2 0.2 0.2 0.2 0.2]
0.9934477232338499,0.0,20.0,0.6252375555016179,0.003389702767702591,0.050105087176865744,[0.2 0.2 0.2 0.2 0.2]
0.9879567505350623,0.0,20.0,0.7101827845105286,-0.005527188366704952,0.05535533528861395,[0.2 0.2 0.2 0.2 0.2]
0.9971023396957049,0.0,20.0,0.8591128338492834,0.00925707441716406,0.04661068932960365,[0.2 0.2 0.2 0.2 0.2]
1.0063325902557965,0.0,20.0,0.9782568733202871,0.00925707441716406,0.037785093532199054,[0.2 0.2 0.2 0.2 0.2]
1.0137538362335965,0.0,20.0,0.9572049071572156,0.0073745459996617715,0.030689195442892125,[0.2 0.2 0.2 0.2 0.2]
1.0198674367231386,0.0,20.0,0.8561929094822517,0.006030655836781687,0.024843615581734094,[0.2 0.2 0.2 0.2 0.2]
1.0319054384453619,0.0,20.0,0.994624851142237,0.011803496502350932,0.013333360609007847,[0.2 0.2 0.2 0.2 0.2]
1.0317907267955964,0.0,20.0,0.8875951962979539,-0.00011116488535832879,0.013443043292862724,[0.2 0.2 0.2 0.2 0.2]
1.0338347344330718,0.0,20.0,0.7761641651859943,0.001981029276957535,0.011488645078239657,[0.2 0.2 0.2 0.2 0.2]
1.0362823928736737,0.0,20.0,0.9470051456807208,0.002367552916418701,0.009148292136981703,[0.2 0.2 0.2 0.2 0.2]
1.047491212560563,0.0,20.0,1.0,0.010816375694473345,0.0,[0.2 0.2 0.2 0.2 0.2]
1.0530532302269582,0.0,20.0,1.0,0.005309846612267958,0.0,[0.2 0.2 0.2 0.2 0.2]
1.0565364273559508,0.0,20.0,0.886603352000557,0.0033077123064725687,0.0,[0.2 0.2 0.2 0.2 0.2]
1.0530682148422992,0.0,20.0,0.8347804607048537,-0.003282624643932996,0.003282624643933019,[0.2 0.2 0.2 0.2 0.2]
1.0541785343949677,0.0,20.0,0.8356977219213166,0.0010543662196041506,0.002231719512865141,[0.2 0.2 0.2 0.2 0.2]
1.063527755769629,0.0,20.0,0.7198481333938075,0.008868726757016719,0.0,[0.2 0.2 0.2 0.2 0.2]
1.0663573722402921,0.0,20.0,0.6184123723559711,0.0026605948507806777,0.0,[0.2 0.2 0.2 0.2 0.2]
1.059853663455706,0.0,20.0,0.6320347160007894,-0.006098995471773628,0.006098995471773715,[0.2 0.2 0.2 0.2 0.2]
1.0567110887869713,0.0,20.0,0.5595561335774473,-0.0029651024260163314,0.009046013751520417,[0.2 0.2 0.2 0.2 0.2]
1.0583035834186074,0.0,20.0,0.4912736785729827,0.0015070293560221209,0.0075526170037767525,[0.2 0.2 0.2 0.2 0.2]
1.0504553816922357,0.0,20.0,0.4627840707981456,-0.007415832138657028,0.014912440202526276,[0.2 0.2 0.2 0.2 0.2]
1.0480227004111267,0.0,20.0,0.5120658760488984,-0.002315834945021783,0.0171937403974115,[0.2 0.2 0.2 0.2 0.2]
1.0476511775270396,0.0,20.0,0.5859326357934026,-0.0003544988900919529,0.017542144125616155,[0.2 0.2 0.2 0.2 0.2]
1.0449617825958237,0.0,20.0,0.5833666008406716,-0.002567070976395027,0.020064183172962723,[0.2 0.2 0.2 0.2 0.2]
1.0457592946899092,0.0,20.0,0.580662605319502,0.0007631973794336791,0.01931629872554709,[0.2 0.2 0.2 0.2 0.2]
1.0495673610926355,0.0,20.0,0.5705139003280015,0.003641436822089676,0.015745200984903222,[0.2 0.2 0.2 0.2 0.2]
1.044065387681822,0.0,20.0,0.715093791145839,-0.005242134630678358,0.020904797152231706,[0.2 0.2 0.2 0.2 0.2]
1.047130688023217,0.0,20.0,0.7307792741556268,0.0029359275554578603,0.018030244566774243,[0.2 0.2 0.2 0.2 0.2]
1.0357872778360817,0.0,20.0,0.6360964731171073,-0.01083285049027598,0.02866777611335517,[0.2 0.2 0.2 0.2 0.2]
1.0322039337376832,0.0,20.0,0.6013395200073891,-0.0034595366974238054,0.03202813558728122,[0.2 0.2 0.2 0.2 0.2]
1.0345306655005315,0.0,20.0,0.5676379200739742,0.002254139600517825,0.029846191875521462,[0.2 0.2 0.2 0.2 0.2]
1.0357861818463354,0.0,20.0,0.616796832250957,0.0012136095987026593,0.02866880390176347,[0.2 0.2 0.2 0.2 0.2]
1.0369680153398624,0.0,20.0,0.7330050631099363,0.0011410014095961987,0.027560513637830592,[0.2 0.2 0.2 0.2 0.2]
1.03485782822986,0.0,20.0,0.7209502572270117,-0.0020349587246534287,0.029539387854800817,[0.2 0.2 0.2 0.2 0.2]
1.0364924888127136,0.0,20.0,0.6733248644279933,0.0015795991857643586,0.02800644906203997,[0.2 0.2 0.2 0.2 0.2]
1.0702520788450671,0.0,20.0,1.0,0.032570993419377886,0.0,[0.2 0.2 0.2 0.2 0.2]
1.115760830884988,0.0,20.0,1.0,0.04252152641369355,0.0,[0.2 0.2 0.2 0.2 0.2]
1.1157573745137093,0.0,20.0,0.8416289635077695,-3.0977707615725718e-06,3.097770761500271e-06,[0.2 0.2 0.2 0.2 0.2]
1.1208095375824754,0.0,20.0,0.7466595026886552,0.004528012258012742,0.0,[0.2 0.2 0.2 0.2 0.2]
1.117389822808385,0.0,20.0,0.624997907525127,-0.003051111414938964,0.0030511114149390254,[0.2 0.2 0.2 0.2 0.2]
1.1183726537551195,0.0,20.0,0.5506453134983792,0.0008795774998777229,0.0021742176040115396,[0.2 0.2 0.2 0.2 0.2]
1.1242157872652825,0.0,20.0,0.49128907434503455,0.005224674879650906,0.0,[0.2 0.2 0.2 0.2 0.2]
1.1151637737936793,0.0,20.0,0.48079190579644165,-0.008051846962248047,0.008051846962248015,[0.2 0.2 0.2 0.2 0.2]
1.1167904478636803,0.0,20.0,0.5462389703518753,0.0014586862559812302,0.006604905824765833,[0.2 0.2 0.2 0.2 0.2]
1.1173426533979538,0.0,20.0,0.4709682260130661,0.0004944576087033556,0.006113714062002247,[0.2 0.2 0.2 0.2 0.2]
1.1150505530533616,0.0,20.0,0.4375368081686454,-0.0020513853450610637,0.008152557823632578,[0.2 0.2 0.2 0.2 0.2]
1.1223770389111507,0.0,20.0,0.5124234563021551,0.006570541432159104,0.0016355831104317067,[0.2 0.2 0.2 0.2 0.2]
1.1205791565327896,0.0,20.0,0.45881013337444904,-0.0016018524221640738,0.0032348155698286186,[0.2 0.2 0.2 0.2 0.2]
1.1212644016787028,0.0,20.0,0.40729896243682656,0.0006115098089397513,0.002625283882339984,[0.2 0.2 0.2 0.2 0.2]
1.1213986947467103,0.0,20.0,0.44530812396515007,0.00011976931382676401,0.002505828996962354,[0.2 0.2 0.2 0.2 0.2]
1.1147962168179322,0.0,20.0,0.4144874538665505,-0.005887716794845597,0.008378792180337496,[0.2 0.2 0.2 0.2 0.2]
1.1195982263306434,0.0,20.0,0.4197922391215442,0.0043075222540834455,0.004107361760033212,[0.2 0.2 0.2 0.2 0.2]
1.1206508320143282,0.0,20.0,0.3866579384606546,0.0009401637649379611,0.0031710595877915844,[0.2 0.2 0.2 0.2 0.2]
1.1221131072984136,0.0,20.0,0.3292002531358836,0.0013048446869548883,0.001870352641091925,[0.2 0.2 0.2 0.2 0.2]
1.131998788620525,0.0,20.0,0.3093438074082123,0.00880987955475535,0.0,[0.2 0.2 0.2 0.2 0.2]
1.1294343277682766,0.0,20.0,0.3278207678584417,-0.002265427205424481,0.002265427205424375,[0.2 0.2 0.2 0.2 0.2]
1.1263505136403424,0.0,20.0,0.3285319820339444,-0.0027304058785140124,0.004989647548179441,[0.2 0.2 0.2 0.2 0.2]
1.1179246922333328,0.0,20.0,0.2983495930857958,-0.007480638846408032,0.012432960643308733,[0.2 0.2 0.2 0.2 0.2]
1.1166799050372072,0.0,20.0,0.26304091312320393,-0.0011134803665878584,0.013532597152321751,[0.2 0.2 0.2 0.2 0.2]
1.1190348310516438,0.0,20.0,0.24456095597311367,0.0021088639670273743,0.011452271591809084,[0.2 0.2 0.2 0.2 0.2]
1.113910305092535,0.0,20.0,0.24632289111309003,-0.0045794159546336845,0.015979242831198556,[0.2 0.2 0.2 0.2 0.2]
1.1151797809414592,0.0,20.0,0.2435389367763394,0.0011396571547281759,0.014857796534890028,[0.2 0.2 0.2 0.2 0.2]
1.1209978281482456,0.0,20.0,0.2663736328974944,0.005217138354027936,0.009718173361020434,[0.2 0.2 0.2 0.2 0.2]
1.123500243580981,0.0,20.0,0.27041191330446745,0.0022323106877640215,0.007507556655515792,[0.2 0.2 0.2 0.2 0.2]
1.1246089707162163,0.0,20.0,0.30978928198531286,0.000986850818742536,0.006528114675205585,[0.2 0.2 0.2 0.2 0.2]
1.1217719103010124,0.0,20.0,0.27627949756927933,-0.0025227083271415363,0.009034354473095496,[0.2 0.2 0.2 0.2 0.2]
1.1179080968052686,0.0,20.0,0.265446928082779,-0.0034443842462654004,0.012447620931138569,[0.2 0.2 0.2 0.2 0.2]
1.1198857862337204,0.0,20.0,0.22862981392259452,0.0017690984027253155,0.010700543594720367,[0.2 0.2 0.2 0.2 0.2]
1.1117078571296044,0.0,20.0,0.2397275063784896,-0.007302467094987525,0.017924870322208956,[0.2 0.2 0.2 0.2 0.2]
1.1161929302470306,0.0,20.0,0.25302506479236314,0.004034399045273022,0.013962787356650505,[0.2 0.2 0.2 0.2 0.2]
1.1127092473060913,0.0,20.0,0.23634990283999152,-0.0031210401414819237,0.017040249078305297,[0.2 0.2 0.2 0.2 0.2]
1.118710946178659,0.0,20.0,0.2128440599222385,0.005393771002710844,0.011738389276952043,[0.2 0.2 0.2 0.2 0.2]
1.1198743685994552,0.0,20.0,0.19533895061793027,0.001039966959088244,0.01071062985486475,[0.2 0.2 0.2 0.2 0.2]
1.1167858519214633,0.0,20.0,0.1970039524618943,-0.002757913534403412,0.013439004398229457,[0.2 0.2 0.2 0.2 0.2]
1.113156977421664,0.0,20.0,0.2071485322007817,-0.0032493915405140007,0.016644727351538817,[0.2 0.2 0.2 0.2 0.2]
1.115926690158412,0.0,20.0,0.1736032901790857,0.0024881600645071207,0.014197982032912558,[0.2 0.2 0.2 0.2 0.2]
1.1143557810725588,0.0,20.0,0.16635583791184752,-0.0014077171015867908,0.01558571239238357,[0.2 0.2 0.2 0.2 0.2]
1.1171393943451702,0.0,20.0,0.18113662074223047,0.0024979574027355705,0.013126687435295494,[0.2 0.2 0.2 0.2 0.2]
1.1137597173962175,0.0,20.0,0.1830113246430026,-0.0030252956489228234,0.016112270973835524,[0.2 0.2 0.2 0.2 0.2]
1.1106240960789813,0.0,20.0,0.18406269877662873,-0.002815348111679579,0.018882257433854036,[0.2 0.2 0.2 0.2 0.2]
1.1152187402598603,0.0,20.0,0.16398585042897287,0.004136993062819767,0.014823380139048633,[0.2 0.2 0.2 0.2 0.2]
1.11557246916248,0.0,20.0,0.16617130483623227,0.00031718342765398033,0.014510898441916515,[0.2 0.2 0.2 0.2 0.2]
1.1149283416953217,0.0,20.0,0.19502082232020382,-0.0005773963457900075,0.01507991624797194,[0.2 0.2 0.2 0.2 0.2]
1.1190309079273772,0.0,20.0,0.16617185250977595,0.003679668081463675,0.011455737252997061,[0.2 0.2 0.2 0.2 0.2]
1.1206670565672043,0.0,20.0,0.21229854944921417,0.0014621121081074505,0.010010374717034523,[0.2 0.2 0.2 0.2 0.2]
1.1236004045103625,0.0,20.0,0.19716600207718013,0.0026175017155795994,0.007419075174450408,[0.2 0.2 0.2 0.2 0.2]
1.1198503892382685,0.0,20.0,0.1803940257839701,-0.0033374990406204175,0.010731813058793723,[0.2 0.2 0.2 0.2 0.2]
1.1117311804334578,0.0,20.0,0.25726956059771217,-0.007250262073252098,0.01790426667484837,[0.2 0.2 0.2 0.2 0.2]
1.1156919667995178,0.0,20.0,0.22814221135230123,0.0035627195096892775,0.014405335045348395,[0.2 0.2 0.2 0.2 0.2]
1.120527559565112,0.0,20.0,0.2850065034155702,0.004334164724216536,0.010133605416125863,[0.2 0.2 0.2 0.2 0.2]
1.1263636268687984,0.0,20.0,0.45073103076515086,0.005208321075075865,0.0049780634117052615,[0.2 0.2 0.2 0.2 0.2]
1.1264135608556511,0.0,20.0,0.43597789249051255,4.4332030670571404e-05,0.004933952068694406,[0.2 0.2 0.2 0.2 0.2]
1.1258731964040987,0.0,20.0,0.43042309710059995,-0.00047972118796404733,0.005411306335310695,[0.2 0.2 0.2 0.2 0.2]
1.1260630270485006,0.0,20.0,0.36504869997103967,0.0001686074817379899,0.00524361124030688,[0.2 0.2 0.2 0.2 0.2]
1.1260842843840393,0.0,20.0,0.34992378738228863,1.8877571706060076e-05,0.00522483265524796,[0.2 0.2 0.2 0.2 0.2]
1.113152748391549,0.0,20.0,0.347417910630202,-0.011483630640990351,0.016648463247864415,[0.2 0.2 0.2 0.2 0.2]
1.1194489267006922,0.0,20.0,0.31558344388462006,0.00565616742018627,0.011086462323096883,[0.2 0.2 0.2 0.2 0.2]
1.1171556495802821,0.0,20.0,0.29649509897701765,-0.0020485768182107993,0.013112327671596665,[0.2 0.2 0.2 0.2 0.2]
1.1150449100837272,0.0,20.0,0.2657771001813793,-0.0018893871210767044,0.014976940529643204,[0.2 0.2 0.2 0.2 0.2]
1.1144921712470912,0.0,20.0,0.23825479851480927,-0.0004957099320730605,0.015465226243543621,[0.2 0.2 0.2 0.2 0.2]
1.1190198467709598,0.0,20.0,0.2261912078549758,0.004062545830898376,0.011465508603045012,[0.2 0.2 0.2 0.2 0.2]
1.109015337887164,0.0,20.0,0.22179716989859372,-0.00894042130947421,0.020303423435080615,[0.2 0.2 0.2 0.2 0.2]
1.1171408927180493,0.0,20.0,0.20836546702410852,0.007326819164075439,0.01312536378292575,[0.2 0.2 0.2 0.2 0.2]
1.1167344432738415,0.0,20.0,0.22563034332265297,-0.0003638300655334902,0.013484418446493954,[0.2 0.2 0.2 0.2 0.2]
1.1175716398583448,0.0,20.0,0.3230620249459977,0.0007496827822817834,0.01274484470055069,[0.2 0.2 0.2 0.2 0.2]
1.1202837203332303,0.0,20.0,0.2929242778369068,0.0024267620778468885,0.010349011328511076,[0.2 0.2 0.2 0.2 0.2]
1.1123118705507777,0.0,20.0,0.3045021719174299,-0.007115920402807772,0.017391288990457363,[0.2 0.2 0.2 0.2 0.2]
1.1157507394491986,0.0,20.0,0.26813267369652516,0.0030916409232584386,0.014353415687950129,[0.2 0.2 0.2 0.2 0.2]
1.1192002400954355,0.0,20.0,0.23903707511980135,0.0030916409232584386,0.011306150372021147,[0.2 0.2 0.2 0.2 0.2]
1.1201716848710597,0.0,20.0,0.23704103367361717,0.0008679812073139942,0.01044798269075712,[0.2 0.2 0.2 0.2 0.2]
1.124014479795601,0.0,20.0,0.3659020842620565,0.003430541029060106,0.007053283894988683,[0.2 0.2 0.2 0.2 0.2]
1.1323107931976695,0.0,20.0,0.5321008972847019,0.007380966661191958,0.0,[0.2 0.2 0.2 0.2 0.2]
1.114647160250276,0.0,20.0,0.5320180406171997,-0.015599633116196865,0.015599633116196747,[0.2 0.2 0.2 0.2 0.2]
1.100157365095981,0.0,20.0,0.45190959889995086,-0.012999445628194686,0.028396292161877626,[0.2 0.2 0.2 0.2 0.2]
1.0958293068963212,0.0,20.0,0.4281383419514952,-0.0039340355634326675,0.03221861570207576,[0.2 0.2 0.2 0.2 0.2]
1.103762473374396,0.0,20.0,0.39794845202539436,0.007239418062785518,0.02521244166776189,[0.2 0.2 0.2 0.2 0.2]
1.119515488727753,0.0,20.0,0.4044999368302071,0.01427210630308648,0.011300170012318167,[0.2 0.2 0.2 0.2 0.2]
