NAV,theta,tau,regret_ema_norm,week_return,max_drawdown,w_fused
1.0081261213955541,1.3599478900432587,15.0,1.0,0.008126121395554195,0.0,[0.12460194 0.1325643  0.24071575 0.302118   0.2       ]
1.013880284823739,1.3199012875556946,15.0,1.0,0.005707781304405882,0.0,[0.1299842  0.13783121 0.24530381 0.28688077 0.2       ]
1.0151022650396033,1.5910581350326538,15.0,1.0,0.0012052509888550366,0.0,[0.06479869 0.06778851 0.2674128  0.4        0.2       ]
1.0098192015008625,1.554027795791626,15.0,1.0,-0.00520446433890552,0.005204464338905547,[0.07400208 0.07437544 0.25297503 0.39864745 0.2       ]
1.0040927143575007,1.6377003192901611,15.0,0.9120761499464308,-0.005670804372555672,0.010845755212331344,[0.0567811  0.05467939 0.28853951 0.4        0.2       ]
1.0032289333352178,1.2660814225673676,15.0,0.9693177680712026,-0.0008602602229173679,0.01169668526345206,[0.13225588 0.14076284 0.24767844 0.27930284 0.2       ]
1.007948001834814,1.281188815832138,15.0,1.0,0.00470387998470859,0.0070478250824416045,[0.14798663 0.14568404 0.23674412 0.26958521 0.2       ]
1.0075393448924264,1.3471322655677795,15.0,1.0,-0.000405434547857269,0.007450402198523225,[0.12889392 0.12450076 0.2322131  0.29157376 0.22281846]
1.0011139217179241,1.4616851210594177,15.0,1.0,-0.006377342192217995,0.013780230626451666,[0.08960788 0.10525601 0.29052821 0.3146079  0.2       ]
0.9963058885690633,1.3512759506702423,15.0,1.0,-0.004802683335588939,0.01851673187805041,[0.12791668 0.13641514 0.25828009 0.27738808 0.2       ]
0.9925125366193288,1.6219245791435242,15.0,0.9986535900828707,-0.0038074169722942166,0.022253647931120706,[0.06386486 0.06417953 0.27195561 0.4        0.2       ]
0.9933153649650132,1.5971847176551819,15.0,0.9105157888164254,0.000808884841312808,0.021462763728283245,[0.06478723 0.07371693 0.28645422 0.37504162 0.2       ]
0.9956690011848084,1.6113219261169434,15.0,0.8800216605556743,0.0023694752973826435,0.019144143919368323,[0.06415336 0.06457765 0.271269   0.4        0.2       ]
1.0007126220319302,1.1959994733333588,15.0,0.7471393520732742,0.005065559780529488,0.014175559944309347,[0.14715679 0.15262663 0.24269377 0.2575228  0.2       ]
0.9994637755149984,0.9847485404461622,15.0,0.756938849001438,-0.001247957195139552,0.015405826647421352,[0.18187942 0.1779876  0.21748742 0.22264555 0.2       ]
0.9992343004431443,0.9971853420138359,15.0,0.8179311149139221,-0.00022959818802425916,0.015631887685562333,[0.18033978 0.17737726 0.21188623 0.23039673 0.2       ]
1.0074552385338882,1.042236015200615,15.0,0.729685154465959,0.00822723768299204,0.007533257257993406,[0.16432827 0.17488393 0.23810911 0.2226787  0.2       ]
1.0022836237097439,1.1052280440926552,15.0,0.6394093816636534,-0.0051333445162986425,0.012627930969456884,[0.16308337 0.16160428 0.22261091 0.25270144 0.2       ]
1.0032234700783655,1.2326729446649551,15.0,0.6702015214466363,0.0009377050032434932,0.011702067240264055,[0.13865903 0.13707277 0.23344614 0.29082205 0.2       ]
1.0038943132274718,1.2458883672952652,15.0,0.6411738881038784,0.0006686876544603443,0.01104120461369895,[0.13964256 0.13732299 0.23663682 0.28639763 0.2       ]
1.0074100794076022,1.1310207396745682,15.0,0.7309504423881784,0.003502127797524175,0.007577744525770546,[0.15570761 0.1538427  0.22489799 0.26555169 0.2       ]
1.0079373519907744,1.3315439224243164,15.0,0.7562209648595012,0.0005233941906579272,0.007058316482575678,[0.12914077 0.12717379 0.24162204 0.30206341 0.2       ]
1.0038804461042625,0.9940240089781582,15.0,0.6629210218729331,-0.004024958375140213,0.011054865427674905,[0.1623321  0.17426139 0.23773619 0.22567032 0.2       ]
1.0045925714512964,1.0908988788723946,15.0,0.6863534261110946,0.0007093726646409446,0.01035333478237965,[0.15291218 0.1525842  0.23465992 0.25984369 0.2       ]
0.9919163027545986,1.3102887570858002,15.0,0.8437323080064031,-0.012618318168911907,0.0228410112788982,[0.12037191 0.11841816 0.25726531 0.30394462 0.2       ]
0.9951615716743171,1.0856402590870857,15.0,0.7605984704605971,0.0032717164852580577,0.019644024106781288,[0.15720769 0.1574502  0.23298665 0.25235546 0.2       ]
1.002796416683219,1.5887219905853271,15.0,1.0,0.007671965262943805,0.01212276711440907,[0.05931138 0.05880585 0.28188277 0.4        0.2       ]
1.0039986460753032,1.1330384463071823,15.0,0.9429504741723309,0.0011988768329074864,0.010938423986145793,[0.15388225 0.15193045 0.24051602 0.25367129 0.2       ]
1.007732546417846,1.1368601024150848,15.0,0.7794759616856773,0.0037190292607852463,0.007260075044231992,[0.15424197 0.15241431 0.23778041 0.25556331 0.2       ]
1.0067488718773054,1.1912497133016586,15.0,0.7675544361240767,-0.000976126596324617,0.00822911488821472,[0.14609885 0.14369451 0.24584877 0.26435788 0.2       ]
1.010456951437965,1.5743841528892517,15.0,0.8427174638594621,0.0036832219675053887,0.0045762025774388265,[0.06167011 0.06688805 0.28214808 0.38929377 0.2       ]
1.0097186804317795,1.4178997576236725,15.0,0.8622185215866665,-0.0007306308350248262,0.005303489897753117,[0.09233574 0.10926011 0.29884323 0.29956092 0.2       ]
1.0070609868276215,1.2241620570421219,15.0,0.8455111985848711,-0.002632112939637431,0.007921643453005337,[0.14982061 0.1463577  0.24011003 0.26371166 0.2       ]
1.0091054720292627,1.4604673087596893,15.0,0.8895582450486716,0.0020301503368548115,0.005907575243275275,[0.09486254 0.09363715 0.26002484 0.35147547 0.2       ]
1.0073075499178594,1.1344355642795563,15.0,0.837233324593834,-0.0017816989018876223,0.007678748624839091,[0.15255956 0.15242042 0.23694235 0.25807766 0.2       ]
1.0095899867212441,1.11266428232193,15.0,0.7732425197212319,0.0022658787810840237,0.0054302689573292925,[0.14763494 0.14850972 0.23023116 0.27362418 0.2       ]
1.0084578605103842,1.3176456689834595,15.0,0.8445149530854122,-0.00112137226572191,0.006545551870047182,[0.11867368 0.11685547 0.24481468 0.31965617 0.2       ]
1.0018134187688457,1.5012009143829346,15.0,0.9214795695954141,-0.0065887153065331055,0.013091140398784557,[0.07124345 0.08222098 0.2891792  0.35735637 0.2       ]
0.9984180322105284,1.0988876223564148,15.0,0.8574813399522824,-0.003389240446080214,0.01643601182233991,[0.15912002 0.15703935 0.22425092 0.25958971 0.2       ]
0.9969401360746086,1.153436541557312,15.0,0.8919283802019808,-0.0014802378244787656,0.01789192044043574,[0.15400987 0.15147802 0.23351855 0.26099356 0.2       ]
0.9966834463914369,1.1597033888101578,15.0,0.8126590747706427,-0.00025747752937538477,0.018144791202340405,[0.15006654 0.14782822 0.22613691 0.27596833 0.2       ]
0.9936809230922984,1.341932237148285,15.0,0.8565798130597053,-0.003012514464857868,0.02110264422123933,[0.10921786 0.10840763 0.24094432 0.34143019 0.2       ]
0.9903677142413212,1.2895388305187225,15.0,0.7767466916742959,-0.003334278412698759,0.02436656054286031,[0.12041239 0.11991329 0.2359543  0.32372002 0.2       ]
0.989450768777997,1.1744941473007202,15.0,0.7332324697898767,-0.0009258636465412422,0.025269864076803702,[0.14674523 0.14529636 0.23249994 0.27545848 0.2       ]
0.988145801751149,1.2390313297510147,15.0,0.8080348166420156,-0.0013188801990216062,0.026555416352462453,[0.13582797 0.13687704 0.23211397 0.29518102 0.2       ]
0.9955818967022594,1.34274622797966,15.0,0.8212727377531143,0.007525301365378009,0.019229952498019863,[0.11536776 0.11398786 0.24197757 0.32866681 0.2       ]
0.9977197932387609,1.2734774053096771,15.0,0.7115019269416575,0.0021473839003933494,0.01712386268802606,[0.12856767 0.12696221 0.23210414 0.31236598 0.2       ]
0.9954378611537069,1.2537212669849396,15.0,0.8691649898227619,-0.0022871472536858794,0.019371845146192456,[0.13270505 0.13096871 0.23001562 0.30631062 0.2       ]
0.9891727708346666,1.2777886092662811,15.0,0.8817670631007701,-0.006293803524590774,0.02554372608352432,[0.12845767 0.12615219 0.24647476 0.29891538 0.2       ]
0.9943361860276985,1.2577616274356842,15.0,0.8344828432442966,0.005219932599514431,0.020457130012506364,[0.12660624 0.1268475  0.2355548  0.31099146 0.2       ]
1.0001589778357218,1.4086673259735107,15.0,0.7877290320402265,0.005855958869690626,0.014720967254760776,[0.09246419 0.10122607 0.27337185 0.33293789 0.2       ]
1.000599621201365,1.2428194284439087,15.0,0.7703207176372362,0.0004405733242497029,0.01428687959599074,[0.14052407 0.13748323 0.23599562 0.28599709 0.2       ]
1.004300901804475,1.376341849565506,15.0,0.9067547083493024,0.0036990625667697925,0.010640665090730392,[0.11711652 0.11536678 0.23363743 0.33387927 0.2       ]
0.9989697349314719,1.2258139252662659,15.0,0.7830585563000513,-0.005308336240089389,0.01589251710270002,[0.13520567 0.13446682 0.24707437 0.28325314 0.2       ]
1.0044393549787929,1.2914636731147766,15.0,0.8977530293401368,0.005475261017488437,0.010504271764573822,[0.12816401 0.12678218 0.23562339 0.30943041 0.2       ]
1.0132134234059618,1.7157957553863525,15.0,0.8671601874205107,0.008735289376782909,0.001860740241346882,[0.06088337 0.04430153 0.29481511 0.4        0.2       ]
1.0073687160018474,1.837413489818573,15.0,1.0,-0.005768485956756485,0.007618492544151892,[0.06807792 0.02624246 0.30567962 0.4        0.2       ]
1.0015589621738454,1.8240897059440613,15.0,1.0,-0.0057672565523578,0.013341811295465397,[0.01974897 0.01964567 0.22559812 0.51063886 0.22436837]
1.00801258555648,1.9463644623756409,15.0,1.0,0.006443578088131059,0.006984202210253788,[0.07337126 0.0169648  0.30966393 0.4        0.2       ]
1.0153948041001557,1.8218204975128174,15.0,0.9851364806034038,0.007323538068326864,0.0,[0.06836581 0.02732998 0.30430421 0.4        0.2       ]
1.0177457548535973,1.9118779301643372,15.0,0.8820932682776403,0.0023153070548998862,0.0,[0.07227326 0.0189312  0.30879554 0.4        0.2       ]
1.0150104677791558,1.7241747975349426,15.0,0.8171912286311368,-0.0026875936955737785,0.002687593695573758,[0.06519941 0.04159129 0.2932093  0.4        0.2       ]
1.0266295290406948,1.9632976055145264,15.0,0.7792854871483065,0.01144723294032769,0.0,[0.07389526 0.0163541  0.30975064 0.4        0.2       ]
1.0204587567494472,1.736696481704712,15.0,0.7608269486702637,-0.006010709916958864,0.006010709916958782,[0.06255652 0.04057282 0.29687066 0.4        0.2       ]
1.0221710427880202,1.480746567249298,15.0,0.6778673804136701,0.0016779571219785049,0.004342838508493663,[0.09162643 0.09500672 0.26151888 0.35184796 0.2       ]
1.0112926168067724,1.8639078736305237,15.0,0.8265910705610523,-0.010642471294800587,0.014939091269129541,[0.06959863 0.02356046 0.30684091 0.4        0.2       ]
1.0129932823636922,1.6376621723175049,15.0,0.8110312603056016,0.0016816750450426097,0.013282538921069797,[0.06166309 0.06115308 0.27718383 0.4        0.2       ]
1.016515167537859,1.6518397331237793,15.0,0.7820684677995696,0.00347671128277272,0.009852007191227906,[0.05846154 0.05743396 0.2841045  0.4        0.2       ]
1.0133699122841888,1.6923956274986267,15.0,0.7968436806439794,-0.0030941547692676574,0.012915678325457943,[0.06002287 0.04385791 0.29611922 0.4        0.2       ]
1.0122546413552476,1.6938918232917786,15.0,0.6917387420097992,-0.0011005565839500113,0.01400202047459074,[0.05548175 0.05006611 0.29445214 0.4        0.2       ]
1.0129555373404342,1.888704776763916,15.0,0.7414783209314334,0.0006924107398987453,0.013319304884048973,[0.06961803 0.02113802 0.30924395 0.4        0.2       ]
1.0159069393952183,1.9290794134140015,15.0,0.7056200718422985,0.002913654100290504,0.01044445863104677,[0.07259275 0.01787957 0.30952769 0.4        0.2       ]
1.0176190230404314,1.8722298741340637,15.0,0.705391311711578,0.0016852760610460108,0.008776784366102389,[0.0698623  0.02217997 0.30795772 0.4        0.2       ]
1.021304776310874,1.7191309332847595,15.0,0.602343113963863,0.003621938256844227,0.005186635080325781,[0.06105907 0.04149487 0.29744606 0.4        0.2       ]
1.014228922519064,1.679944634437561,15.0,0.7508153806638009,-0.00692824899670905,0.012078949777743375,[0.05994687 0.04790041 0.29215272 0.4        0.2       ]
1.0163334243662858,1.5302987098693848,15.0,0.8170065870042861,0.002074977158011659,0.010029036164613253,[0.07561099 0.07413065 0.25616312 0.39409524 0.2       ]
1.0153004094794364,1.655195415019989,15.0,0.7850463674733206,-0.001016413375850118,0.0110352558939587,[0.05802236 0.05581676 0.28616088 0.4        0.2       ]
1.0070223825007731,1.8537869453430176,15.0,0.8750486928886599,-0.008153278479329635,0.01909856085889428,[0.06887663 0.0241198  0.30700358 0.4        0.2       ]
1.0061963059318515,1.6296837329864502,15.0,0.8340909732587222,-0.0008203159962246691,0.01990321000014151,[0.06181699 0.06145909 0.27672392 0.4        0.2       ]
0.9934424609138908,1.7869272232055664,15.0,0.8513076051694141,-0.012675304950706715,0.0323262356945984,[0.0658313  0.03217298 0.30199571 0.4        0.2       ]
0.9923409476043934,1.6869116425514221,15.0,0.8759195388210937,-0.0011087842052614227,0.033399177080306104,[0.06119866 0.04761354 0.2911878  0.4        0.2       ]
0.9919372294636775,1.5614145398139954,15.0,0.772991216795225,-0.0004068341044381276,0.03379242326044781,[0.06201723 0.06418843 0.27379434 0.4        0.2       ]
1.0028747352644471,1.4476567804813385,15.0,0.6822357144795707,0.011026409208053912,0.02313862313939545,[0.09319682 0.09181778 0.25346122 0.36152417 0.2       ]
1.0083438231915614,1.4752247631549835,15.0,0.5681171714633106,0.005453410814733452,0.017811396742328303,[0.08679721 0.08753759 0.25766316 0.36800204 0.2       ]
1.009172637246578,1.2026438117027283,15.0,0.5193526092473852,0.0008219558011405569,0.017004081122066514,[0.15077574 0.14821191 0.23927306 0.2617393  0.2       ]
1.0124734338575183,1.6228958368301392,15.0,0.7364962658203756,0.003270794796761677,0.013788903185362567,[0.05857091 0.05765627 0.28377282 0.4        0.2       ]
1.0114590384397715,1.0958640947937965,15.0,0.6719641346855574,-0.0010018983055011834,0.014776986412127642,[0.16001455 0.15874087 0.2214271  0.25981748 0.2       ]
1.008192192670672,1.3521141707897186,15.0,0.7015752568793614,-0.0032298349660691847,0.017959094150789733,[0.10964477 0.10926515 0.24379292 0.33729716 0.2       ]
1.011475936364248,1.3064194023609161,15.0,0.6492607069792051,0.003257061220517375,0.014760526799386562,[0.12169321 0.12060704 0.2468082  0.31089155 0.2       ]
1.0024028243509409,1.6380459070205688,15.0,0.7686597608116109,-0.008970170902849694,0.023598293254229623,[0.05905225 0.05169281 0.28925494 0.4        0.2       ]
1.0044174308601863,1.5323869585990906,15.0,0.6811219278036315,0.002009777367247423,0.02163594320267018,[0.06569107 0.06589963 0.2684093  0.4        0.2       ]
0.999238868351652,1.81959730386734,15.0,0.6319983273429562,-0.005155787175158225,0.02668018005934163,[0.06829519 0.02638654 0.30531827 0.4        0.2       ]
0.9959360636629577,1.7991108894348145,15.0,0.6000635697888569,-0.0033053204727139266,0.029897313986689766,[0.02126389 0.02112573 0.23000002 0.50151459 0.22609577]
1.004703240107242,1.6833217144012451,15.0,0.6467748012357368,0.008802951077039548,0.021357547502010035,[0.06139566 0.0472766  0.29132774 0.4        0.2       ]
0.9953773433661582,1.5764701962471008,15.0,0.534106375875615,-0.009282240136986447,0.030441541754345706,[0.06773475 0.06707573 0.26518952 0.4        0.2       ]
0.9970713585006881,1.500424087047577,15.0,0.49963217835378626,0.0017018823522755545,0.0287914673247579,[0.07931068 0.07908043 0.2501639  0.39144499 0.2       ]
0.9971168586482149,1.9568519592285156,15.0,0.766613012857966,4.563379254550957e-05,0.028747147396059457,[0.07364876 0.01658708 0.30976416 0.4        0.2       ]
1.0029051264868747,1.465019851922989,15.0,0.8585278250372619,0.005805004487144086,0.023109020228542165,[0.09208973 0.09641819 0.26358344 0.34790864 0.2       ]
0.9947091760660078,1.560024082660675,15.0,0.8435469403539635,-0.008172209119696915,0.03109237760238015,[0.068717   0.06761095 0.26656517 0.39710687 0.2       ]
0.9993906299321264,1.353702187538147,15.0,0.7638493730633373,0.004706354358399934,0.026532354990822342,[0.12766142 0.12352928 0.24535188 0.30345741 0.2       ]
0.9972349799468253,1.5767088532447815,15.0,0.7805338791375391,-0.0021569643748285128,0.02863209002115537,[0.06845638 0.06677247 0.26477115 0.4        0.2       ]
0.9959304845019399,1.5003631114959717,15.0,0.8450625072289105,-0.0013081124019085747,0.029902748431014644,[0.08720981 0.08615465 0.26256533 0.36407021 0.2       ]
0.9927531136389822,1.391582041978836,15.0,0.7099637376502121,-0.0031903540582419614,0.032997702134447145,[0.12712537 0.12192018 0.23704499 0.31390946 0.2       ]
0.9926092236465237,1.3378761410713196,15.0,0.632594074274396,-0.00014494035876769413,0.033137859794428896,[0.12563893 0.12296516 0.23886143 0.31253449 0.2       ]
1.0004179407108649,1.3246779143810272,15.0,0.5569746760745363,0.00786685926174912,0.025531691411918214,[0.12663373 0.1326671  0.24543967 0.2952595  0.2       ]
1.0031026153873381,1.2271147668361664,15.0,0.6129404640846481,0.002683553110378675,0.022916653951441227,[0.15971425 0.1649931  0.24017629 0.23798838 0.19712797]
1.00859260479868,1.0820332542061806,15.0,0.5687994646750794,0.005473008770116684,0.017569068229382572,[0.17307423 0.16829828 0.22046801 0.23815948 0.2       ]
1.0122101361242333,1.3127329647541046,15.0,0.5545449969185614,0.003586712125730359,0.014045371293708399,[0.12921716 0.12579054 0.23944424 0.30554805 0.2       ]
1.0154422490985882,1.2708223760128021,15.0,0.5423139331180685,0.0031931244896743027,0.010897095423078571,[0.13319764 0.12854    0.23069321 0.28304135 0.22452781]
1.013691842821738,1.2604131996631622,15.0,0.5055812446610078,-0.0017237871266475172,0.012602098276917871,[0.14196661 0.13686665 0.23445664 0.2867101  0.2       ]
1.0086414169438171,1.0401008576154709,15.0,0.4923740610005272,-0.004982210238431531,0.01752152221228836,[0.18721315 0.18279559 0.21511087 0.21775094 0.19712944]
1.0052715048835805,1.0948563367128372,15.0,0.4382401321569201,-0.003341040734225913,0.020804022827077363,[0.16317102 0.16521774 0.23130975 0.24030149 0.2       ]
1.0061567238748046,1.288488656282425,15.0,0.3877911288143579,0.0008805770251355886,0.01994176534647359,[0.12809159 0.1334688  0.25067406 0.28776555 0.2       ]
1.0063133251256176,1.2151471078395844,15.0,0.4039586168447407,0.00015564299983999522,0.01978922614281432,[0.13727327 0.16147053 0.26827411 0.23629184 0.19669026]
1.005368167382243,1.2560455203056335,15.0,0.4715019056607241,-0.0009392280910685455,0.020709867636789007,[0.13962675 0.14392371 0.24590062 0.27054891 0.2       ]
1.013038704079028,1.5530427694320679,15.0,0.6117664477298982,0.007629579835173758,0.013238295390126088,[0.0713868  0.06967743 0.25893577 0.4        0.2       ]
1.013267916130634,1.8032358288764954,15.0,0.6398409281719595,0.00022626188978060652,0.01301502882207788,[0.06713135 0.02869707 0.30417158 0.4        0.2       ]
1.0139433991908058,1.652449607849121,15.0,0.5391714387365611,0.0006666381609628903,0.012357066975993996,[0.06045525 0.05352414 0.28602061 0.4        0.2       ]
1.0212089590770304,1.705755352973938,15.0,0.5058364937809307,0.0071656464177616615,0.0052799669309430124,[0.06106311 0.04114938 0.29778751 0.4        0.2       ]
1.0223760657012684,1.5918914675712585,15.0,0.4543827408672204,0.0011428675922436462,0.004143133641792842,[0.06149391 0.06020437 0.27830172 0.4        0.2       ]
1.0133069175969434,1.3510805368423462,15.0,0.536652717304293,-0.00887065768514866,0.012977039006661346,[0.12766722 0.12349941 0.24212247 0.3067109  0.2       ]
1.017159884202661,1.3711351156234741,15.0,0.5038278702000624,0.003802368797456758,0.009224013697406943,[0.11922352 0.11726608 0.23461233 0.32889806 0.2       ]
1.0305565022583711,1.41210475564003,15.0,0.4847228946575052,0.013170611880954778,0.0,[0.11085278 0.10869749 0.23747763 0.3429721  0.2       ]
1.026746283370686,1.049340520054102,15.0,0.5304544641275812,-0.0036972440417729372,0.0036972440417729936,[0.17610975 0.17618224 0.22384321 0.2238648  0.2       ]
1.0226472226937648,1.1243597641587257,15.0,0.4939265570104805,-0.003992281972002217,0.007674765573041195,[0.17029003 0.16559462 0.2250026  0.23911275 0.2       ]
1.0188899178244821,1.0610305182635784,15.0,0.5234446721507366,-0.0036740967812787426,0.011320664522830872,[0.17568068 0.17302164 0.22156595 0.22973174 0.2       ]
1.020964092910036,1.1187806725502014,15.0,0.5252316559818246,0.0020357204927325626,0.00930798973885872,[0.17519333 0.1686898  0.21814328 0.23797358 0.2       ]
1.0238147821649437,1.0029407991096377,15.0,0.5284950027551629,0.002792154273302824,0.0065418248088809985,[0.19219694 0.18515224 0.20578401 0.21785932 0.19900748]
1.0260077832269405,1.4077757596969604,15.0,0.5947379075161034,0.0021419900358924785,0.004413847296545613,[0.10582926 0.10666683 0.26155531 0.3259486  0.2       ]
1.0265653412478604,1.5845820903778076,15.0,0.9004913628788797,0.000543424747876821,0.003872821142523008,[0.05812539 0.0649668  0.28963921 0.3872686  0.2       ]
1.0245436295213664,1.2196406722068787,15.0,0.7939385182186318,-0.001969394100171545,0.00583458813158534,[0.15399804 0.14898435 0.23037558 0.26664204 0.2       ]
1.029937782821882,1.5710747838020325,15.0,0.817774613921668,0.005264932741845083,0.0006003741038295225,[0.07451173 0.0740988  0.25138947 0.4        0.2       ]
1.0328570170492932,1.4813820719718933,15.0,0.7792848385992582,0.002834379198530529,0.0,[0.09549109 0.0985166  0.24956284 0.35642948 0.2       ]
1.0405613808299787,1.669000267982483,15.0,0.6759732509763652,0.007459274278540295,0.0,[0.05932529 0.05457703 0.28609768 0.4        0.2       ]
1.0374470176943436,1.5692304372787476,15.0,0.9116989686546646,-0.002992964368090452,0.0029929643680905033,[0.07614791 0.07468757 0.24916451 0.4        0.2       ]
1.0371656697936749,1.3360861837863922,15.0,0.7926381885611266,-0.00027119254850629297,0.00326334524696214,[0.13008043 0.13158326 0.25281015 0.28552616 0.2       ]
1.0332177455140363,1.3621158301830292,15.0,0.7197880902901437,-0.0038064548361148812,0.007057378306779869,[0.13760032 0.1377812  0.2221163  0.30250218 0.2       ]
1.0360364382827683,1.4977247714996338,15.0,0.7302358739473176,0.002728072355483749,0.004348558989957194,[0.09878682 0.0963305  0.2297663  0.37511637 0.2       ]
1.033914266070107,1.1837265640497208,15.0,0.6447707215927255,-0.0020483567317176837,0.0063880083215944105,[0.16340675 0.15900113 0.21405812 0.263534   0.2       ]
1.0353285559225358,1.4781181812286377,15.0,0.625779409468942,0.0013678985761601424,0.005028847892922075,[0.09387305 0.10038383 0.26002222 0.3457209  0.2       ]
1.0312906418919547,1.4501802921295166,15.0,0.6450563179760457,-0.003900128135636203,0.008909362877401246,[0.09371138 0.09270024 0.24510727 0.36848112 0.2       ]
1.030436823839583,1.1829415708780289,15.0,0.5762189113623132,-0.0008279121497752483,0.009729898857403508,[0.15417986 0.15152427 0.21928491 0.27501096 0.2       ]
1.0265762043888944,1.2996563911437988,15.0,0.567004733694067,-0.003746585294092193,0.013440030255523596,[0.1346025  0.13195942 0.22569262 0.30774547 0.2       ]
1.0137912918318894,1.8069849610328674,15.0,0.6214665704321903,-0.012453934254803577,0.025726583257142204,[0.06683752 0.03278317 0.30037931 0.4        0.2       ]
1.0011653598789136,1.8081188797950745,15.0,0.7135727628106808,-0.0124541728210755,0.03786035276423751,[0.06693308 0.03259812 0.3004688  0.4        0.2       ]
0.9930439614371162,1.5927987694740295,15.0,0.647795716901412,-0.008111945106430523,0.045665176767334434,[0.07274078 0.07117914 0.25608008 0.4        0.2       ]
1.0012272426459847,1.8663250207901,15.0,0.8379145418942469,0.00824060316224669,0.03780088220516129,[0.07005758 0.02347042 0.30647199 0.4        0.2       ]
1.003716374061249,1.6486737132072449,15.0,0.7657247649258074,0.0024860803913864826,0.03540877784580212,[0.06449947 0.06331365 0.27218688 0.4        0.2       ]
1.0080404009724289,1.6164265275001526,15.0,0.6921900867685576,0.004308016709624848,0.03125330274280436,[0.07433054 0.07303178 0.25263767 0.4        0.2       ]
1.002668884805113,1.4335887432098389,15.0,0.6377431675004743,-0.0053286715117112915,0.03641543567054317,[0.09740845 0.09596836 0.25441115 0.35221203 0.2       ]
1.0030743866252845,1.3330125212669373,15.0,0.5862296207366584,0.0004044224632045882,0.036025740427531205,[0.15651038 0.14836352 0.21945509 0.27567101 0.2       ]
0.9910457815839218,1.630251705646515,15.0,0.5558860092530542,-0.011991737803047103,0.047585466997210724,[0.06926139 0.06680594 0.26393267 0.4        0.2       ]
0.9899921017873068,1.3093221783638,15.0,0.5946002551359734,-0.0010631999209270134,0.04859807405338893,[0.16330498 0.15438948 0.21754379 0.26476174 0.2       ]
0.9877408643711308,1.5472208857536316,15.0,0.591018608092242,-0.002273995329974562,0.050761557589920236,[0.07841133 0.07671843 0.24487023 0.4        0.2       ]
0.9867186741230378,1.1485565900802612,15.0,0.6300979942943642,-0.0010348769449200204,0.05174390256920219,[0.17878209 0.17167338 0.20641581 0.24312871 0.2       ]
0.9872083241162715,1.2432130575180054,15.0,0.5856273965587846,0.0004962407280563345,0.051273339273029225,[0.1626148  0.15633624 0.21405925 0.26698971 0.2       ]
0.9947703252225901,1.5945736169815063,15.0,0.6227473056270274,0.007659985153678767,0.04400610713696147,[0.07666751 0.0753849  0.24865213 0.39929547 0.2       ]
0.9880868470236095,1.4114292562007904,15.0,0.6387913726636762,-0.00671861436707522,0.05042906144038729,[0.13768561 0.13108161 0.22429978 0.30693299 0.2       ]
0.9804732744565193,1.7868757843971252,15.0,0.5427009584848052,-0.007705367792339619,0.057745854766906274,[0.06410727 0.03543447 0.30045826 0.4        0.2       ]
0.9784210626673141,1.7938240766525269,15.0,0.5053852745445923,-0.002093082843428561,0.05971807075244317,[0.06466814 0.03527199 0.30005987 0.4        0.2       ]
0.9782109213482792,1.6258305311203003,15.0,0.5612805123677135,-0.00021477595592848286,0.05992002070263951,[0.05917921 0.06758303 0.2746627  0.39857506 0.2       ]
0.9790578030960156,1.514085292816162,15.0,0.532420509979264,0.000865745545520119,0.059106150648130185,[0.08132401 0.08581235 0.26098955 0.37187409 0.2       ]
0.9793631377627503,1.8801114559173584,15.0,0.7759038322745907,0.0003118658221904784,0.05881271801420799,[0.06869664 0.02325138 0.30805198 0.4        0.2       ]
0.979640358613243,1.8667982816696167,15.0,0.9999129894616793,0.000283062369619169,0.05854630331191381,[0.06793654 0.02290799 0.30915547 0.4        0.2       ]
0.9809248825411062,1.8510499596595764,15.0,1.0,0.001311219894698404,0.05731185049487893,[0.06819281 0.02670466 0.30510253 0.4        0.2       ]
0.984695153284275,1.7573428750038147,15.0,0.9068749661134047,0.0038435876286488676,0.053688545985767167,[0.05869234 0.0428442  0.29846346 0.4        0.2       ]
1.002600857583795,1.8621414303779602,15.0,0.905934656956474,0.018184007750823985,0.036480811171278923,[0.06903071 0.02423152 0.30673777 0.4        0.2       ]
1.0007016907122852,1.5398035645484924,15.0,0.8421864558636628,-0.0018942402224616012,0.038305947973871955,[0.09094636 0.08714424 0.25108266 0.37082674 0.2       ]
1.0041923529936065,1.5213687419891357,15.0,0.7110155550722855,0.0034882146335105603,0.034951352708634364,[0.08407427 0.08232259 0.24415034 0.38945279 0.2       ]
1.0114836888054155,1.7428792119026184,15.0,0.7861664054949914,0.007260895574510779,0.027944235256328758,[0.0640266 0.0394603 0.2965131 0.4       0.2      ]
1.0267336136245335,1.688978672027588,15.0,0.8594511345990604,0.01507678768120173,0.013288756877000204,[0.05988408 0.04761687 0.29249905 0.4        0.2       ]
1.0441707528114719,1.7581009268760681,15.0,0.8919118274087586,0.016983119044269405,0.0,[0.06305857 0.03615209 0.30078934 0.4        0.2       ]
1.0430242781524706,1.6694700121879578,15.0,0.8688637224713481,-0.0010979762226764839,0.0010979762226765854,[0.05883473 0.05679651 0.28436876 0.4        0.2       ]
1.032031855009344,1.7201029658317566,15.0,0.9267390550452745,-0.01053899067680162,0.01162539533830409,[0.06237357 0.04692598 0.29070045 0.4        0.2       ]
1.025672226978509,1.8922584056854248,15.0,1.0,-0.006162240050988892,0.017715996912530663,[0.07111096 0.02103044 0.3078586  0.4        0.2       ]
1.0340759436166473,1.7155539393424988,15.0,0.8654101327992975,0.008193374469048954,0.009667776240278562,[0.0612962  0.04709854 0.29160526 0.4        0.2       ]
1.0364890869993777,1.429626613855362,15.0,0.7474360452104373,0.002333622977719134,0.007356714207337238,[0.11306043 0.10987054 0.2395132  0.33755584 0.2       ]
1.030038055609058,1.577807366847992,15.0,0.7478565255356454,-0.006223926012569414,0.013534852574984482,[0.07488323 0.07291242 0.25220435 0.4        0.2       ]
1.0272688224455826,1.2613702714443207,15.0,0.6492126539983226,-0.0026884765552065374,0.016186940996364956,[0.1454004  0.14150123 0.22976626 0.28333211 0.2       ]
1.0295359435676175,1.3627889752388,15.0,0.5601633925810245,0.002206940454629746,0.01401572415665694,[0.12443102 0.11985301 0.23316871 0.32254727 0.2       ]
1.0202465146947164,1.4664108157157898,15.0,0.5402658516203467,-0.009022928175494995,0.022912189459758862,[0.10202453 0.09967632 0.24077398 0.35752516 0.2       ]
1.0210710456175285,1.5221226215362549,15.0,0.5542870434357272,0.0008081683308263363,0.02212253803484391,[0.07752705 0.07601526 0.24645769 0.4        0.2       ]
1.0210386841977974,1.7185079455375671,15.0,0.6432783315994354,-3.1693602389315895e-05,0.022153530494308925,[0.06190537 0.04146346 0.29663117 0.4        0.2       ]
1.020105710174921,1.5402344465255737,15.0,0.6171419848950059,-0.0009137499267322309,0.02304703763417512,[0.08771575 0.08371601 0.25109896 0.37746927 0.2       ]
1.0188359211765128,1.634470522403717,15.0,0.6380555281676606,-0.001244762170962033,0.02426311172453742,[0.05710516 0.06238438 0.28051045 0.4        0.2       ]
1.0189686081939837,1.520828127861023,15.0,0.6835396108283606,0.0001302339412196697,0.024136037663983943,[0.09446754 0.0913218  0.24145842 0.37275223 0.2       ]
1.0163295372675223,1.4345276653766632,15.0,0.7962089972431403,-0.0025899433066332296,0.026663470001420733,[0.11092192 0.11160823 0.2564838  0.32098605 0.2       ]
1.022307448147134,1.4325680136680603,15.0,0.7684372840181608,0.005881862782108639,0.020938438091155222,[0.11805588 0.11688839 0.24683122 0.31822451 0.2       ]
1.0099211470541478,1.4343957006931305,15.0,0.6865949433353359,-0.012116023526420931,0.03280077100905729,[0.11312868 0.10993182 0.23963854 0.33730095 0.2       ]
1.0056323323334175,1.439598172903061,15.0,0.6605751022979656,-0.004246682756609613,0.03690815929701927,[0.11910001 0.11465189 0.23835689 0.3278912  0.2       ]
1.0082750752620853,1.2443672865629196,15.0,0.6113836722030503,0.0026279414888497332,0.034377210291263234,[0.16567207 0.15903939 0.2142064  0.26108214 0.2       ]
1.0084940990025297,1.5600266456604004,15.0,0.6698485039635433,0.0002172261774769898,0.03416745174377017,[0.07397019 0.07218876 0.25384105 0.4        0.2       ]
1.0137108456074408,1.5806403160095215,15.0,0.7452364878275665,0.0051728082594345234,0.029171385160919796,[0.07303477 0.07107456 0.25589067 0.4        0.2       ]
1.0142100885547798,1.3388923108577728,15.0,0.6836448049385059,0.0004924904863178528,0.028693261304266363,[0.13001645 0.12703689 0.22697479 0.31597186 0.2       ]
1.016852178456098,1.5662553906440735,15.0,0.6433264087984877,0.0026050716031461095,0.026162937701345798,[0.08259004 0.07960411 0.24977343 0.38803243 0.2       ]
1.0187281185477954,1.9868360757827759,15.0,1.0,0.00184485034446767,0.02436635406150873,[0.07439897 0.01573498 0.30986605 0.4        0.2       ]
1.0178889164001372,1.9863327741622925,15.0,1.0,-0.0008237744029825364,0.025170056085721353,[0.07438916 0.01574676 0.30986408 0.4        0.2       ]
1.0163845705094559,1.9863271117210388,15.0,0.8376073164670388,-0.0014779077229779888,0.026610764788422392,[0.07438905 0.01574689 0.30986405 0.4        0.2       ]
1.023408867491289,1.9821014404296875,15.0,0.7140121868895781,0.006911062195987685,0.019883611242970327,[0.07430613 0.01584679 0.30984707 0.4        0.2       ]
1.01845704538916,1.9672346115112305,15.0,0.599835319691338,-0.0048385569633255,0.024625960220660024,[0.07397207 0.01628097 0.30974696 0.4        0.2       ]
1.0220196755444055,1.8453500270843506,15.0,0.5054286632803955,0.0034980661888242195,0.021214037270651052,[0.0682041  0.02841588 0.30338003 0.4        0.2       ]
1.0234973584782372,1.425019919872284,15.0,0.47418547366885366,0.0014458458767386798,0.019798863622229147,[0.12471776 0.12323776 0.24257536 0.30946912 0.2       ]
1.0143105389548248,1.7647494077682495,15.0,0.4479182728689339,-0.008975909363431692,0.028597060180288736,[0.06076531 0.03761552 0.30161917 0.4        0.2       ]
1.0231393257140233,1.5805601477622986,15.0,0.444172563811978,0.008704224613791337,0.02014175080160077,[0.07328621 0.07105211 0.26159652 0.39406516 0.2       ]
1.0209578051754415,1.5958424806594849,15.0,0.3921013412872474,-0.002132183255745041,0.022230988153545315,[0.07749715 0.07510813 0.24739472 0.4        0.2       ]
1.017931619086424,1.4804021716117859,15.0,0.36479780764793573,-0.0029640657759577188,0.02512915981835145,[0.11717866 0.11199179 0.23217667 0.33865288 0.2       ]
1.0292592763580224,1.6676971912384033,15.0,0.40177646561040187,0.011128112202433448,0.014280687725929622,[0.06387596 0.06168072 0.27444332 0.4        0.2       ]
1.0257020540275623,1.5604164600372314,15.0,0.3656894448700112,-0.00345609936404658,0.017687431614208535,[0.09018053 0.08650053 0.23819616 0.38512278 0.2       ]
1.025837843933843,1.426836758852005,15.0,0.32515550853179936,0.00013238728122608913,0.01755738592396584,[0.11276458 0.10991587 0.23128322 0.34603633 0.2       ]
1.0301728535928083,1.5444830656051636,15.0,0.3316845354011611,0.004225823491110124,0.013405756846735707,[0.10461121 0.09964299 0.22287469 0.3728711  0.2       ]
1.0250259341921872,1.5908092856407166,15.0,0.30498962006071917,-0.004996170674339492,0.018334950071850254,[0.08696002 0.0832731  0.22976688 0.4        0.2       ]
1.027656336558439,1.6717022061347961,15.0,0.31491928178713524,0.0025661812823543216,0.01581581959518318,[0.0598283  0.05569205 0.28447966 0.4        0.2       ]
1.0284966641102025,1.617320954799652,15.0,0.29155569740144205,0.0008177126164353523,0.015011039773970196,[0.07054885 0.06915346 0.26029769 0.4        0.2       ]
1.0305012207965802,1.4169841408729553,15.0,0.24191011074130023,0.0019490162256501308,0.013091280308403449,[0.14044216 0.13329083 0.2134734  0.3127936  0.2       ]
1.0409787017129715,1.4498670995235443,15.0,0.22196571425791534,0.010167363905005567,0.003057020214275948,[0.1313867  0.12639519 0.22492157 0.31729654 0.2       ]
1.0383714763043694,1.6854294538497925,15.0,0.23527417782815624,-0.0025045905399521534,0.00555395417031903,[0.05967548 0.0556902  0.28463431 0.4        0.2       ]
1.031802514204447,1.801917552947998,15.0,0.2522386219747011,-0.0063262158580298326,0.011845034515401797,[0.06578641 0.03337493 0.30083866 0.4        0.2       ]
1.022540102232529,1.7761414051055908,15.0,0.2349935439089577,-0.008976923242971233,0.020715625792717886,[0.06412437 0.03950681 0.29636882 0.4        0.2       ]
1.0213204702836012,1.5366448760032654,15.0,0.2094922763456252,-0.0011927473027853867,0.021883664588713467,[0.10377899 0.09959486 0.22282532 0.37380082 0.2       ]
1.0236741590974796,1.6900224089622498,15.0,0.19051136449635694,0.002304554625469148,0.019629542063694425,[0.06202417 0.06000246 0.27797336 0.4        0.2       ]
1.0212085220766014,1.6559786796569824,15.0,0.18040970638347426,-0.002408615084170868,0.021990877136755398,[0.06664994 0.06504629 0.26830377 0.4        0.2       ]
1.0238147240180457,1.4866856932640076,15.0,0.16849719336321475,0.002552076177492877,0.019494923352925467,[0.1231368  0.11640342 0.23530863 0.32515116 0.2       ]
1.0346619838324156,1.5619683265686035,15.0,0.1712956226943172,0.010594944143603223,0.009106526833330216,[0.08530927 0.08222651 0.25681857 0.37564565 0.2       ]
1.038693407910375,1.4160549640655518,15.0,0.1611387573346018,0.0038963682255209755,0.005245640989607301,[0.15624438 0.14832078 0.21085821 0.28457662 0.2       ]
1.0422772826923055,1.6641101241111755,15.0,0.19326393995464383,0.0034503682748314463,0.0018133721080275066,[0.07258092 0.06910492 0.25831416 0.4        0.2       ]
1.0373203863005747,1.805233120918274,15.0,0.1841750374263094,-0.004755832707901613,0.00656058072154609,[0.06656768 0.03128067 0.30215165 0.4        0.2       ]
1.033610416196259,1.73598974943161,15.0,0.180765552428091,-0.0035764939678345478,0.01011361081200446,[0.06330707 0.04423634 0.29245659 0.4        0.2       ]
1.0339163820644117,1.7897456288337708,15.0,0.16328969343592298,0.0002960166261469022,0.009820587982808215,[0.06524232 0.03510474 0.29965295 0.4        0.2       ]
1.0190094765422526,1.8334909677505493,15.0,0.20451058991248527,-0.014417902434619106,0.024096898138040657,[0.06795671 0.02805111 0.30399219 0.4        0.2       ]
1.0264015411053777,1.6752313375473022,15.0,0.19446412165135707,0.007254166652314356,0.017017534400623476,[0.0603593  0.05845012 0.28119057 0.4        0.2       ]
1.0224097182959626,1.4567872285842896,15.0,0.1865384702573468,-0.003889143429301779,0.02084049419782808,[0.12292783 0.11658531 0.23264995 0.32783691 0.2       ]
1.0291724219051746,1.4359626471996307,15.0,0.161696338272944,0.006614475085862102,0.014363868041614563,[0.11858643 0.11304703 0.23933194 0.3290346  0.2       ]
1.0307315292029688,1.3489263951778412,15.0,0.14557639759420793,0.0015149135991306228,0.012870714461516351,[0.13448494 0.13071741 0.22347809 0.31131956 0.2       ]
1.0271361231439067,1.3518650233745575,15.0,0.14997559364713614,-0.003488208090269975,0.016314026821474138,[0.1379125  0.13392981 0.2189001  0.30925759 0.2       ]
1.0231573937393037,1.104523628950119,15.0,0.16466841318803618,-0.0038736145238712173,0.020124447094106834,[0.16994746 0.18098865 0.21311914 0.23594475 0.2       ]
1.0255692267782555,1.1743069291114807,15.0,0.13811120626652484,0.0023572453795572264,0.01781463997447836,[0.17589572 0.16833447 0.21591305 0.23985676 0.2       ]
1.0236157706752946,1.217638060450554,15.0,0.13309509574268832,-0.0019047530405115005,0.019685460525332776,[0.16825287 0.16309812 0.20043636 0.26821265 0.2       ]
1.0260033969654792,1.1589877307415009,15.0,0.14339816945561015,0.0023325415244522876,0.017398836154983634,[0.18145957 0.17507023 0.19208009 0.25139011 0.2       ]
1.022163827926914,1.2209011614322662,15.0,0.14383568185640172,-0.0037422576279191105,0.021075982855584936,[0.16382289 0.15763279 0.22100022 0.25754409 0.2       ]
1.019380013910844,1.217574030160904,15.0,0.1424988642918755,-0.002723451896860874,0.023742035326959524,[0.16698165 0.1608934  0.2160367  0.25608826 0.2       ]
1.0239554237153352,1.234213873744011,15.0,0.12524822200918173,0.004488424083318723,0.01936017556678931,[0.16414308 0.15929505 0.20073834 0.27582352 0.2       ]
1.0238845742090212,1.1694362163543701,15.0,0.1315230674975524,-6.919198304257045e-05,0.01942802798089228,[0.1986058  0.18768222 0.20051648 0.22439667 0.18879884]
1.0233405186545677,1.1288008093833923,15.0,0.1521659830598962,-0.0005313641480280228,0.019949068771384346,[0.2054108  0.1943471  0.19897276 0.21597983 0.18528951]
1.0271038955940768,1.0703725069761276,15.0,0.1291865437356244,0.003677541220059265,0.016344891074033526,[0.19829295 0.18990366 0.1969161  0.22122454 0.19366275]
1.0294116416860764,1.1212923973798752,15.0,0.16082690181102446,0.002246847764767458,0.014134767791241057,[0.17318375 0.17214811 0.21906274 0.2356054  0.2       ]
1.0321332284357039,1.1058847606182098,15.0,0.14850345095648507,0.002643827444160127,0.011528310234084295,[0.18132867 0.18557123 0.22037087 0.22026504 0.19246419]
1.028732655542917,1.0215076450258493,15.0,0.1356593056983527,-0.003294703434691906,0.014785031305451843,[0.19918749 0.19123595 0.21398066 0.20621926 0.18937664]
1.0190646127260385,1.8924620747566223,15.0,0.1942615054893373,-0.009398012948054216,0.024044094337860002,[0.07093178 0.02077418 0.30829404 0.4        0.2       ]
1.0229025556919191,1.7302873134613037,15.0,0.1713376972241317,0.003766142909833658,0.02036850492344022,[0.06221964 0.04350918 0.29427118 0.4        0.2       ]
1.0345548340055621,1.8412023186683655,15.0,0.18996130632011216,0.01139138645104002,0.009209143983413133,[0.02019283 0.01995453 0.22245769 0.51458576 0.22280918]
1.0512853443334527,1.912857472896576,15.0,0.2469353058648523,0.016171699921515015,0.0,[0.07196245 0.01937486 0.30866268 0.4        0.2       ]
1.0408445678153742,1.8227622509002686,15.0,0.29889469454370116,-0.009931439237078246,0.009931439237078192,[0.06732003 0.03067741 0.30200256 0.4        0.2       ]
1.039919258920582,1.5255943536758423,15.0,0.29829113126385753,-0.0008889981495837348,0.01081160835555756,[0.1018124  0.09746699 0.23900917 0.36171144 0.2       ]
1.0392457143885772,1.4172875583171844,15.0,0.2585153937387793,-0.0006476892568601026,0.011452295049836355,[0.12040849 0.11637987 0.24310394 0.3201077  0.2       ]
1.041375872241495,1.424934208393097,15.0,0.2398529502615477,0.0020497153112351615,0.009426053683113602,[0.13198457 0.12672197 0.22895989 0.31233357 0.2       ]
1.0307558784334394,1.4256582260131836,15.0,0.23726570974528574,-0.01019804096785599,0.01952796736934402,[0.11943234 0.11615751 0.23550331 0.32890684 0.2       ]
1.0362904894362204,1.4384206533432007,15.0,0.21902264790317597,0.005369468288837308,0.014263353882041883,[0.09542808 0.09608778 0.24001856 0.36846557 0.2       ]
1.033525595377409,1.2401740998029709,15.0,0.21345119870781012,-0.0026680685454477885,0.016893366821644353,[0.15006565 0.15012013 0.25141531 0.24839891 0.2       ]
1.0322716354094714,1.1883450746536255,15.0,0.18860742419702725,-0.0012132839027364185,0.018086154274353096,[0.15657076 0.1548242  0.24163144 0.2469736  0.2       ]
1.0322167968713298,1.2593353688716888,15.0,0.16852679531389053,-5.312413541203779e-05,0.018138317598456466,[0.13085386 0.15126822 0.25694327 0.26093464 0.2       ]
1.035486316893896,1.5459824204444885,15.0,0.16644609641683436,0.003167474151240338,0.01502829609935618,[0.07444805 0.07555925 0.25458864 0.39540406 0.2       ]
1.0219649929427668,1.5982936024665833,15.0,0.1808977694492768,-0.013057945557106406,0.027890002984181143,[0.06859195 0.06667878 0.26472928 0.4        0.2       ]
1.0285209080030437,1.3528438210487366,15.0,0.1764179738514256,0.006415009423560698,0.02165390819258712,[0.14018711 0.13445742 0.23026186 0.29509361 0.2       ]
1.0310160983092704,1.5417637825012207,15.0,0.17830706378693428,0.002425998622693285,0.01928044192134492,[0.08229926 0.0851441  0.26198941 0.37056723 0.2       ]
1.040915126594659,1.767164707183838,15.0,0.2158354663712095,0.009601235423599808,0.009864322559703037,[0.06388896 0.036947   0.29916404 0.4        0.2       ]
1.0457775015500113,1.8379452228546143,15.0,0.18837731705617952,0.004671250163555073,0.005239151114518343,[0.06739357 0.02579861 0.30680781 0.4        0.2       ]
1.037087172147369,1.876237154006958,15.0,0.20827917968540915,-0.008309921938234339,0.013505536115968445,[0.07078585 0.0226466  0.30656755 0.4        0.2       ]
1.0416899039893632,1.80302894115448,15.0,0.1785761312238494,0.004438134002240142,0.009127341492783046,[0.06739519 0.03354049 0.29906432 0.4        0.2       ]
1.0461996357860455,1.8046019673347473,15.0,0.1550852186694504,0.004329245948733161,0.004837610050230172,[0.02517662 0.02487554 0.22250853 0.49903251 0.2284068 ]
1.0482160843327641,1.6156044602394104,15.0,0.14975528246031655,0.001927403219944314,0.0029195308554734287,[0.07289357 0.0713989  0.25570752 0.4        0.2       ]
1.0538548251590119,1.7957441806793213,15.0,0.24493554243327176,0.005379368729909315,0.0,[0.06633428 0.03491241 0.29875331 0.4        0.2       ]
1.060257155140573,1.9365066289901733,15.0,0.37986628265279937,0.006075153644236637,0.0,[0.073064   0.01751239 0.30942361 0.4        0.2       ]
1.0421225116453847,1.9380241632461548,15.0,0.389803112825631,-0.01710400482304133,0.017104004823041235,[0.07320577 0.01744795 0.30934628 0.4        0.2       ]
1.0272647070786833,1.913236379623413,15.0,0.33707274336865517,-0.014257253250621044,0.0311174019453002,[0.07231667 0.01918222 0.3085011  0.4        0.2       ]
1.0272164438881992,1.8270249366760254,15.0,0.30154949629571676,-4.698223364591855e-05,0.031162922213897416,[0.0685497  0.02879927 0.30265103 0.4        0.2       ]
1.030350237922201,1.8569416403770447,15.0,0.30101490381336204,0.003050763110975828,0.028207229796442124,[0.06822984 0.02535123 0.30641893 0.4        0.2       ]
1.0365032926877795,1.866596519947052,15.0,0.34191367377611315,0.005971808943322772,0.02240386904028406,[0.06837495 0.02319806 0.30842699 0.4        0.2       ]
1.0426891726046834,1.864824891090393,15.0,0.37488986030325827,0.005968027270673921,0.016569548671011246,[0.06841767 0.02302305 0.30855927 0.4        0.2       ]
