date,regime_label,ae_error,llm_macro,llm_sentiment,llm_risk,v1_e_broad,v1_e_sat,v1_e_fi,v1_e_safe,v1_e_cash,v2_e_broad,v2_e_sat,v2_e_fi,v2_e_safe,v2_e_cash,v3_e_broad,v3_e_sat,v3_e_fi,v3_e_safe,v3_e_cash,v1_r_n,v1_r_e,v1_edge,v2_r_n,v2_r_e,v2_edge,v3_r_n,v3_r_e,v3_edge
2023-01-06,bull_normal,11.259847640991213,59.0,63.3,33.7,0.2085415272387152,0.16321449074883,0.2603729867614036,0.19636877032954922,0.17150222492150197,0.22851863475082945,0.22039976957731636,0.20209663399171202,0.20742796464920005,0.14155699703094216,0.2693591807017902,0.26678644141257707,0.19814284486185937,0.1619255274864114,0.10378600553736196,0.003696834821066616,0.0035670947635709532,-0.0001297400574956629,0.003696834821066616,0.004969346922645163,0.0012725121015785467,0.003696834821066616,0.006542091186740356,0.0028452563656737396
2023-01-13,bull_normal,11.066617965698242,53.9,57.5,40.55,0.20085918370306335,0.12604185490495795,0.28317027093633884,0.20328988971476925,0.18663880074087064,0.23472767025613095,0.24221270246741067,0.1481643858048861,0.22489524147157233,0.15,0.27350944137336874,0.2766409879130611,0.11652138969856692,0.18332818101500323,0.15,0.005929093009427568,0.004567474252048172,-0.0013616187573793964,0.005929093009427568,0.006961545965146717,0.0010324529557191493,0.005929093009427568,0.007619157081809198,0.00169006407238163
2023-01-20,event_stress,21.41967010498047,55.25,58.85,43.45,0.05,0.0,0.45,0.35,0.15,0.20000000000000007,0.010110472585443404,0.30000000000000004,0.2898895274145564,0.20000000000000007,0.24606116766406294,0.24090229329917978,0.17735733503877343,0.20813416511733143,0.1275450388806524,0.0018376725150313223,0.0026985359732992504,0.0008608634582679281,0.0018376725150313223,0.0024837924566994676,0.0006461199416681453,0.0018376725150313223,0.004928210377699542,0.00309053786266822
2023-01-27,event_stress,21.41967010498047,52.0,64.0,37.75,0.05,0.0,0.45,0.35,0.15,0.20000000000000007,0.010110472585443404,0.30000000000000004,0.2898895274145564,0.20000000000000007,0.2602822742508065,0.2552244888309189,0.1737253545022372,0.19344825245320266,0.11731962996283472,0.0018376725150313223,0.0026985359732992504,0.0008608634582679281,0.0018376725150313223,0.0024837924566994676,0.0006461199416681453,0.0018376725150313223,0.0050748254796666595,0.003237152964635337
2023-02-03,event_stress,20.132614135742188,52.55,64.45,38.5,0.05,0.0,0.45,0.35,0.15,0.07582187621430203,0.07787459942749261,0.4463035243582054,0.2,0.2,0.22532504681554408,0.22666515994947808,0.3289043440479693,0.06910544918700862,0.15,0.00016724591807894653,-0.0007038318788960007,-0.0008710777969749472,0.00016724591807894653,3.7377738172207717e-06,-0.00016350814426172576,0.00016724591807894653,-0.0005138800391281036,-0.0006811259572070501
2023-02-10,bull_normal,12.88224983215332,54.9,62.6,35.3,0.19922418025880123,0.15337107148692178,0.2688401543117276,0.20789388556922356,0.1706707083733259,0.15368334145945692,0.1440887279614946,0.3930956315558156,0.15913229902323298,0.15000000000000002,0.17344406476589122,0.16694429404428537,0.3874920041283693,0.12211963706145416,0.15,-0.004826118930350904,-0.0045949181954779185,0.00023120073487298536,-0.004826118930350904,-0.003575079802606159,0.0012510391277447447,-0.004826118930350904,-0.0031497139912122396,0.0016764049391386642
2023-02-17,bull_normal,13.485366821289062,52.0,57.0,40.75,0.18276782027947958,0.12747969487146465,0.29212701343656644,0.2241801171345347,0.1734453542779547,0.08070873527029093,0.08203293826710882,0.38725832646260033,0.3,0.15,0.0821501618499457,0.08321028415344728,0.41181354319126207,0.272826010805345,0.15,-0.0037099712421358533,-0.0030999932190527877,0.0006099780230830656,-0.0037099712421358533,-0.0022317195549157523,0.001478251687220101,-0.0037099712421358533,-0.002215565439587151,0.0014944058025487023
2023-02-24,bull_normal,15.950748443603516,52.8,58.5,43.65,0.20011860603159248,0.11990221914204874,0.28626073472990715,0.20417623801729504,0.18954220207915667,0.17938621417634332,0.18412672251338552,0.3606910225758036,0.12579604073446765,0.15000000000000002,0.22737789365593103,0.22864072116805528,0.30840161609831934,0.1048115387075933,0.13076823037010116,0.001323230332802333,0.0006373843031608935,-0.0006858460296414394,0.001323230332802333,0.00013989737248838935,-0.0011833329603139434,0.001323230332802333,0.0006452633526359539,-0.000677966980166379
2023-03-03,bull_normal,12.56244945526123,52.8,62.0,37.25,0.18478517548673107,0.14172224883364126,0.2828098734936807,0.2235587511017455,0.1671239510842013,0.05407119609949301,0.05583958748165598,0.4667529592638734,0.27333625715497767,0.15,0.07996078738911765,0.08079008112700631,0.5094755399262145,0.1797735915576616,0.15,0.0008532883792071492,0.0005868459399208656,-0.00026644243928628355,0.0008532883792071492,-0.0009540027447260523,-0.0018072911239332015,0.0008532883792071492,-0.0009446523736444262,-0.0017979407528515754
2023-03-10,bull_normal,11.294658660888672,53.25,61.4,39.55,0.1968461573931946,0.14017413665101844,0.2772304980757784,0.2095159875337574,0.17623322034625105,0.12676359882315832,0.12994330590895045,0.4258189417847793,0.1674741534831119,0.15,0.14922218390521455,0.1514145920797142,0.42943567917309666,0.11992754484197464,0.15,-0.0032033256642727713,-0.0015479811222172068,0.0016553445420555645,-0.0032033256642727713,0.000979750365624293,0.004183076029897064,-0.0032033256642727713,0.00029239144546513714,0.0034957171097379086
2023-03-17,bull_normal,13.704490661621094,53.92,62.02,41.2,0.20198829528541526,0.13090151878122916,0.2791780514915897,0.2030874578820502,0.18484467655971576,0.18430944620175227,0.18669208458806527,0.3535366848699934,0.1254617843401891,0.15,0.2225440503442238,0.22365245702020997,0.3041724122862641,0.09963108034930207,0.15,0.0030845496689026987,0.0035448213253372173,0.00046027165643451867,0.0030845496689026987,0.002398765168169017,-0.0006857845007336816,0.0030845496689026987,0.0016899722693110258,-0.0013945773995916728
2023-03-24,event_stress,25.89826774597168,54.5,57.0,47.25,0.05,0.0,0.45,0.35,0.15,0.2,0.09999999999999999,0.3,0.2,0.2,0.2315204314967903,0.22851823093120044,0.19592591719086494,0.19403542038114438,0.15,-0.001505376231647486,-0.0003061656928104754,0.0011992105388370106,-0.001505376231647486,-0.0005251124102197903,0.0009802638214276957,-0.001505376231647486,0.0020433179041802916,0.0035486941358277777
2023-03-31,bull_normal,18.596681594848636,55.870000000000005,58.4,49.25,0.2003325131960871,0.11532723395027404,0.2896073991602061,0.20265462965852507,0.19207822403490765,0.2880252889259522,0.29113227292489985,0.17723435988783837,0.13770834636019463,0.10589973190111508,0.3084378366189095,0.303476331918636,0.1436511407920146,0.14890818727004987,0.09552650340039008,0.001300754285494837,0.0012845554915731524,-1.6198793921684725e-05,0.001300754285494837,0.0017686845034597738,0.00046793021796493676,0.001300754285494837,0.0017809756946092147,0.00048022140911437765
2023-04-07,event_stress,26.276390075683597,53.1,58.3,32.3,0.05,0.0,0.45,0.35,0.15,0.05588946866970651,0.05737866797415818,0.49644896267006927,0.20000000000000007,0.19028290068606607,0.28070690420105954,0.2811893431624591,0.2716680032286542,0.07177041428380387,0.09466533512402345,0.005367999938911599,0.006327466964004888,0.0009594670250932897,0.005367999938911599,0.0051615472594138834,-0.00020645267949771524,0.005367999938911599,0.006455669487310969,0.0010876695483993705
2023-04-14,event_stress,21.052520751953125,53.9,56.45,35.2,0.05,0.0,0.45,0.35,0.15,0.09431523181208105,0.09652346881523487,0.3573619172776817,0.25179938209500247,0.2,0.2514352707110281,0.25189470642391104,0.18483486919063202,0.17828770967361657,0.13354744400081212,0.000911077621165987,0.001870492647376893,0.0009594150262109061,0.000911077621165987,0.00037378290815334074,-0.0005372947130126462,0.000911077621165987,-0.0011533850186824937,-0.0020644626398484806
2023-04-21,bull_normal,16.506359100341797,57.3,59.0,40.75,0.20233062672697824,0.13286600574964136,0.27777368384605416,0.2030040758299594,0.18402560784736688,0.15680699812352017,0.1573996534076419,0.4622087922581333,0.1127108019182139,0.1108737542924906,0.21518524345322695,0.21433864408440492,0.4157754095612015,0.08302281493184521,0.07167788796932147,-0.008170413383538511,-0.007337670042572725,0.0008327433409657864,-0.008170413383538511,-0.003927861944805883,0.004242551438732628,-0.008170413383538511,-0.0035450653937675594,0.004625347989770952
2023-04-28,bull_normal,12.456377029418944,58.5,57.0,52.25,0.19665561885401592,0.12566248898890817,0.28466126185307916,0.20895619846397093,0.18406443184002586,0.15234921918057961,0.156723117034876,0.3070807417240473,0.27604772773259817,0.10779919432789889,0.1755495680382551,0.17742434177748356,0.2986939112448497,0.2654745618385817,0.08285761710082995,0.003393891041489446,0.004010347099188868,0.0006164560576994221,0.003393891041489446,0.0034966726973024824,0.0001027816558130364,0.003393891041489446,0.0031696516592562064,-0.00022423938223323963
2023-05-05,bull_normal,11.968704223632812,59.1,57.5,51.75,0.1996009439136473,0.12343030014285594,0.2849807583992929,0.20476000775263398,0.18722798979157002,0.1671925854799112,0.16911374521842631,0.28649938375008455,0.22719428555157797,0.15,0.20668072789899203,0.20741583281564893,0.22070346924890794,0.21519997003645114,0.15,0.011136943789360669,0.012288397759392704,0.0011514539700320358,0.011136943789360669,0.012376845154872577,0.0012399013655119088,0.011136943789360669,0.01135500892693266,0.00021806513757199192
2023-05-12,bull_normal,6.253450870513916,55.8,53.0,40.75,0.19975806641852198,0.12236381688223667,0.2848047991912767,0.20508631822814527,0.1879869992798195,0.18512366083936638,0.1879080151307587,0.29733293152743123,0.17963539250244376,0.15,0.22287937146900771,0.22337305930900977,0.2550175524431245,0.148730016778858,0.15,-0.00403547476458545,-0.0028341796471784333,0.001201295117407017,-0.00403547476458545,-0.002981616292202243,0.0010538584723832072,-0.00403547476458545,-0.003599219030739335,0.00043625573384611536
2023-05-19,bull_normal,10.01243782043457,56.15,54.1,39.95,0.20065473740042372,0.12555832229956437,0.2832780073488914,0.20371922408637713,0.18678970886474353,0.26471461568519006,0.2688570251964765,0.13890460121047027,0.17752375790786323,0.15000000000000002,0.2825022367857243,0.2838150835964608,0.12629840008336052,0.1573842795344545,0.15,-0.003592625212402523,-0.003636616345768314,-4.39911333657908e-05,-0.003592625212402523,-0.0026550709634882634,0.0009375542489142596,-0.003592625212402523,-0.0024487495869695707,0.0011438756254329523
2023-05-26,bull_normal,9.253732681274414,55.71,53.31,41.55,0.20017996420075193,0.1211640173500292,0.28608665100671077,0.20372942281759251,0.18883994462491563,0.21246867234900835,0.21273149975145106,0.19566570574246375,0.22913412215707685,0.15,0.23269786701105613,0.23504886405058498,0.1771270801105064,0.20512618882785247,0.15,-0.004215586849600542,-0.0028500127817641923,0.0013655740678363499,-0.004215586849600542,-0.004686159580029763,-0.0004705727304292204,-0.004215586849600542,-0.005142417371491239,-0.0009268305218906965
2023-06-02,bull_normal,6.827239990234375,54.6,61.5,38.2,0.20312737879536868,0.13825863914642372,0.27534905296375173,0.2017277922075641,0.18153713688689174,0.20667311919981715,0.202729339355489,0.2812712798541231,0.1593262615905708,0.15000000000000002,0.26970021038742975,0.26797086678634935,0.2049917352567873,0.10733718756943372,0.15,0.0017427906422791046,0.0019342977220220023,0.00019150707974289766,0.0017427906422791046,0.0019382214472567917,0.00019543080497768706,0.0017427906422791046,0.0015238262956353563,-0.0002189643466437483
2023-06-09,bull_normal,6.339134693145752,55.49,62.17999999999999,39.5,0.2033699964519867,0.1383392587936423,0.27512025980692645,0.20150511768080037,0.181665367266644,0.24229308203285965,0.24227141520716627,0.19031914400595168,0.17511635875402246,0.15,0.27757658631079674,0.2739576671838556,0.14573470861866786,0.15401489043475866,0.1487161474519211,0.0027324087422172854,0.003338207175747667,0.0006057984335303816,0.0027324087422172854,0.001961624054305351,-0.0007707846879119345,0.0027324087422172854,0.0014439097589280573,-0.0012884989832892282
2023-06-16,bull_normal,11.832173347473145,53.5,59.0,37.75,0.20176592548134847,0.13285751093526238,0.27896056700861377,0.20286528742224205,0.18355070915253316,0.18154853477409014,0.1870121020703221,0.1848114252985862,0.29662793785700164,0.15,0.20113659102418144,0.2050297150662014,0.17840725306841665,0.28499472910774803,0.1304317117334525,0.006647402743862364,0.004197428880887119,-0.0024499738629752453,0.006647402743862364,0.004943039715767836,-0.001704363028094528,0.006647402743862364,0.005335736815997025,-0.0013116659278653393
2023-06-23,bull_normal,15.946859359741213,54.05,59.7,37.75,0.2000397063111236,0.1398937344363698,0.2760277617033944,0.20550032224369177,0.17853847530542055,0.18160642188295,0.19406980999461698,0.174323768122433,0.3,0.15,0.2025226521162476,0.20834268375740247,0.13913466412634995,0.3,0.15,0.0031129585674533567,0.0009996809504265963,-0.0021132776170267606,0.0031129585674533567,0.0015732408416121806,-0.0015397177258411761,0.0031129585674533567,0.0022320433860880174,-0.0008809151813653393
2023-06-30,bull_normal,8.697490692138672,54.41,59.81,39.75,0.20030812737779913,0.13591986138585094,0.27766937679977277,0.20517658251972132,0.18092605191685593,0.1880881443430202,0.1895503274003362,0.2857961709776358,0.18656535727900786,0.15,0.22035413618484154,0.21903862468104174,0.2538879376326045,0.1567193015015123,0.15,-0.0018645385197560464,-0.0014350329454823978,0.00042950557427364855,-0.0018645385197560464,-0.0010748615905756902,0.0007896769291803561,-0.0018645385197560464,-0.0010870820170910344,0.000777456502665012
2023-07-07,event_stress,20.677927017211918,61.3,60.0,51.3,0.05,0.0,0.45,0.35,0.15,0.1387665807828789,0.1,0.3003261255797757,0.320235169067723,0.14067212456962236,0.19214192478610342,0.1902238057466002,0.23617629269827092,0.25333592307092545,0.12812205369810004,0.006105577275823954,0.0058032913780797475,-0.00030228589774420646,0.006105577275823954,0.004457214884547486,-0.0016483623912764683,0.006105577275823954,0.003690322130416145,-0.002415255145407809
2023-07-14,bull_normal,14.18533992767334,60.74,59.25,52.075,0.19704896990643503,0.13430035188356632,0.28058653707374515,0.20852145764431498,0.17954268349193858,0.10446678440180848,0.11346256207729453,0.447533745114713,0.18453690840618397,0.15,0.11997745180675948,0.12697453965701808,0.4575801468472745,0.1611630900347226,0.13430477165422527,0.004942996047219227,0.0037467669396127126,-0.001196229107606514,0.004942996047219227,0.0014786625070367428,-0.003464333540182484,0.004942996047219227,0.0016380808238907725,-0.003304915223328454
2023-07-21,event_stress,26.029634475708008,60.96,59.77,52.9,0.05,0.0,0.45,0.35,0.15,0.16346425377278836,0.1,0.3365357462272118,0.2,0.2,0.18060720695093274,0.18311161001942966,0.33363390930667436,0.1526472737229633,0.15,0.006725270148096737,0.008321013590996074,0.0015957434428993363,0.006725270148096737,0.005091417747069357,-0.0016338524010273804,0.006725270148096737,0.0034778449825674596,-0.0032474251655292777
2023-07-28,bull_normal,13.90383529663086,59.7,61.6,48.2,0.20131881379489328,0.13463190819882478,0.2787704195216275,0.20305720710943126,0.18222165137522323,0.1765069068661459,0.17908318469168014,0.2511337737644969,0.24327613467767703,0.15,0.18714699078101588,0.1886170565327986,0.23575331720789777,0.2384826354782878,0.15,0.005731225971180668,0.0032386341559258475,-0.002492591815254821,0.005731225971180668,0.0031892981901544813,-0.002541927781026187,0.005731225971180668,0.00388129416848028,-0.0018499318027003883
2023-08-04,bull_normal,9.890667915344238,54.5,62.0,35.3,0.20087973825138442,0.15123701850027654,0.27000412404099405,0.20500441468225225,0.17287470452509263,0.1695560772199212,0.17054646296710915,0.29621448377414966,0.21368297603882003,0.15,0.20148844905894134,0.20135729453282472,0.31161244105304653,0.17387106439065855,0.11167075096452872,0.0005521467731199304,0.0003777973148138879,-0.0001743494583060425,0.0005521467731199304,0.0003113371365410634,-0.00024080963657886696,0.0005521467731199304,0.0007034572043850984,0.00015131043126516799
2023-08-11,bull_normal,11.27982234954834,62.5,65.2,52.25,0.19269237900850084,0.15061990182917753,0.2758583291874192,0.2133516252208675,0.167477764754035,0.15233947265815606,0.16351653706757832,0.23414399027426577,0.3,0.15,0.1673035824520258,0.17044032089918093,0.2250460800507073,0.2872100165980859,0.15,-0.005741895121486953,-0.004909285319635394,0.0008326098018515589,-0.005741895121486953,-0.004569245770173744,0.001172649351313209,-0.005741895121486953,-0.004917961901310372,0.0008239332201765807
2023-08-18,bull_normal,15.11018180847168,61.3,63.8,55.75,0.2028117745444672,0.13768272975665763,0.2758314654146564,0.20203969287791695,0.18163433740630172,0.21297625716436394,0.22156099977942306,0.1827745213078917,0.2326882217483213,0.15,0.24760247058680382,0.24289206349482373,0.12475632257137496,0.2347491433469974,0.14999999999999997,0.00035481333046462164,0.001759386246135063,0.0014045729156704414,0.00035481333046462164,-0.0009722440364119712,-0.0013270573668765929,0.00035481333046462164,-0.002345737157234228,-0.0027005504876988495
2023-08-25,bull_normal,9.49932098388672,58.7,59.6,49.25,0.20144033465742178,0.12187929067742453,0.2857773706179294,0.2016675333746215,0.18923547067260274,0.23279491903707203,0.23238758415237157,0.15903100200025602,0.23534520472900286,0.14044129008129755,0.26203904427563657,0.2640055246716959,0.1300712291765096,0.21797611114300658,0.12590809073315132,-0.002732829239407701,-0.0025754721366498313,0.00015735710275786982,-0.002732829239407701,-0.0031527071439761546,-0.0004198779045684535,-0.002732829239407701,-0.003572693988679761,-0.0008398647492720598
2023-09-01,bull_normal,12.980344772338867,59.4,61.1,48.75,0.20266047230835055,0.12722090874336553,0.2825110537146961,0.20047503995514382,0.18713252527844412,0.21714412452460546,0.18947969499140105,0.18762389231082002,0.25575228817317347,0.15,0.2634256033158303,0.25859410915819075,0.11851752261550448,0.22438886344486464,0.13507390146561,0.0032952738817810107,0.0018202214851188179,-0.0014750523966621928,0.0032952738817810107,0.0038160625826699837,0.0005207887008889731,0.0032952738817810107,0.005501331987512679,0.0022060581057316685
2023-09-08,bull_normal,14.60873317718506,54.5,56.5,52.25,0.19905352051112815,0.1152541992657454,0.29029637878539155,0.2041511596287519,0.19124474180898293,0.19351745897704156,0.17397094622716808,0.1920685812079392,0.29044301358785124,0.15,0.2015811408977369,0.19116203654186525,0.172668768059286,0.2845880545011119,0.15,-0.005527941467880762,-0.0063003348620487435,-0.0007723933941679818,-0.005527941467880762,-0.004300941331126147,0.0012270001367546144,-0.005527941467880762,-0.004191887469817076,0.0013360539980636858
2023-09-15,bull_normal,8.589619636535645,55.45,58.08,51.27499999999999,0.20004508415437344,0.11487476448399468,0.29026370386345896,0.20271579716638283,0.1921006503317901,0.24219655598733472,0.24071569531461934,0.13371860110329264,0.2333691475947534,0.15,0.25742114983285114,0.2564058811918927,0.10427326312636064,0.23189970584889547,0.15,-0.0010257945577699847,-0.00045591007809261675,0.000569884479677368,-0.0010257945577699847,-0.0013198532169724656,-0.00029405865920248083,-0.0010257945577699847,-0.0014986971830603364,-0.0004729026252903517
2023-09-22,bull_normal,7.492888450622559,56.5,59.9,52.25,0.20044055704982713,0.11962358388895883,0.2871095846880468,0.2030028232258709,0.18982345114729632,0.1960779114265246,0.19828758833998927,0.2535208956712168,0.2021136045622694,0.15,0.21749895303739192,0.21632471470627246,0.2198806028880905,0.1962957293682452,0.15,-0.002873442863815972,-0.00383493733430788,-0.0009614944704919083,-0.002873442863815972,-0.002745709389070681,0.00012773347474529092,-0.002873442863815972,-0.002278164972786351,0.0005952778910296207
2023-09-29,event_stress,29.78413200378418,68.5,68.8,47.0,0.05,0.0,0.45,0.35,0.15,0.2,0.1,0.3000000000000001,0.2,0.1999999999999999,0.32297195942219525,0.31443155539279144,0.0961632127373161,0.11643327244769726,0.15,-0.006215543710268346,-0.011309657499986643,-0.005094113789718297,-0.006215543710268346,-0.005347020844205854,0.0008685228660624926,-0.006215543710268346,-0.0015804696038870655,0.004635074106381281
2023-10-06,event_stress,29.78413200378418,68.44,67.78,48.075,0.05,0.0,0.45,0.35,0.15,0.2,0.1,0.3000000000000001,0.2,0.1999999999999999,0.3204320935761039,0.3120272804189266,0.09962377128608893,0.11791685471888051,0.14999999999999997,-0.006215543710268346,-0.011309657499986643,-0.005094113789718297,-0.006215543710268346,-0.005347020844205854,0.0008685228660624926,-0.006215543710268346,-0.0016475716488874483,0.004567972061380898
2023-10-13,event_stress,25.333967208862305,62.0,62.5,53.75,0.05,0.0,0.45,0.35,0.15,0.1005823244168723,0.07162374916259415,0.4277939264205337,0.2,0.19999999999999998,0.2892873811797973,0.2890294323721249,0.18189476389838904,0.08978842254968877,0.15,-0.007426369583358331,-0.008049368579901857,-0.0006229989965435261,-0.007426369583358331,-0.007681546375688647,-0.00025517679233031613,-0.007426369583358331,-0.0056262128805514835,0.0018001567028068472
2023-10-20,event_stress,39.02693176269531,63.6,59.15,52.95,0.05,0.0,0.45,0.35,0.15,0.1176433574005618,0.1,0.38395107496550557,0.2415979446966002,0.15680762293733239,0.2209857250001167,0.22187876048324906,0.16536338467472986,0.24177212984190447,0.15,-0.0011034751551828592,0.005982558473847082,0.007086033629029941,-0.0011034751551828592,4.4161139518500946e-05,0.0011476362947013602,-0.0011034751551828592,-0.002154271703025995,-0.001050796547843136
2023-10-27,event_stress,20.376544952392575,63.91,58.760000000000005,53.5,0.05,0.0,0.45,0.35,0.15,0.04769363346989193,0.052306366530108145,0.3,0.4,0.2,0.17178193715717002,0.1773166161929384,0.2009014466498916,0.29999999999999993,0.15,0.005354734292628451,0.0037345574976476643,-0.0016201767949807866,0.005354734292628451,0.0025401790179334282,-0.0028145552746950226,0.005354734292628451,0.0037618130779447723,-0.0015929212146836786
2023-11-03,bull_normal,15.29140853881836,68.3,65.5,42.7,0.20896869350700162,0.18021120010460787,0.2528846709576144,0.19560453555043156,0.16233089988034466,0.13786551286971027,0.1526529595220547,0.29153140604843514,0.2679501215597999,0.15,0.22999545872228228,0.22970697200631024,0.2057076539030065,0.184589915368401,0.15,0.004655068826742407,0.004839485642222723,0.00018441681548031583,0.004655068826742407,0.004783194095575695,0.00012812526883328786,0.004655068826742407,0.004435408290714563,-0.0002196605360278445
2023-11-10,bull_normal,13.94404125213623,53.5,54.0,45.25,0.19954435577721427,0.11280535733069925,0.2911865259056434,0.20353010718296355,0.19293365380347946,0.21571691984746683,0.21381457686367586,0.23321824062177854,0.22640421679090106,0.11084604587617776,0.24832000263981024,0.24678624156300796,0.20410279693569425,0.21073169958561017,0.0900592592758774,-0.003420512280698256,-0.0035369996056620096,-0.00011648732496375358,-0.003420512280698256,-0.003432911005447699,-1.2398724749443021e-05,-0.003420512280698256,-0.0031238641294363666,0.00029664815126188935
2023-11-17,bull_normal,13.34683322906494,66.6,63.3,42.25,0.2089701029283362,0.15748119773208094,0.2619008382285002,0.19658676879930673,0.17506109231177605,0.19972581879756102,0.20490834572355615,0.35364265883610363,0.09172317664277924,0.15,0.2912802165235935,0.2873583901685121,0.2644349600815749,0.0700212190595861,0.08690521416673333,2.5452217588471356e-07,0.0005202992810356354,0.0005200447588597508,2.5452217588471356e-07,0.0010319853020634836,0.001031730779887599,2.5452217588471356e-07,4.872591218980709e-05,4.847139001392238e-05
2023-11-24,event_stress,24.723976135253903,67.32000000000001,62.65,41.75,0.05,0.0,0.45,0.35,0.15,0.13089243390278651,0.10000000000000003,0.30000000000000004,0.32386659002779294,0.1452409760694205,0.3502528655872018,0.34842150723115495,0.07381695469581037,0.1239917987156752,0.10351687377015766,-0.012263217510949203,-0.013328982588518317,-0.001065765077569114,-0.012263217510949203,-0.011329134116097268,0.0009340833948519346,-0.012263217510949203,-0.0064163301322245755,0.0058468873787246274
2023-12-01,bull_normal,13.764066696166992,67.56,62.760000000000005,40.85,0.21060451365645946,0.16435725224408884,0.2590988387520203,0.19369235274026655,0.17224704260716486,0.3522343826890414,0.3636585059986695,0.06493917271814349,0.06916793859414565,0.15000000000000002,0.4048677051526926,0.36634207634577787,0.03044370043155726,0.04834651806997233,0.15,-0.002584828752615666,-0.0020045439512565467,0.0005802848013591192,-0.002584828752615666,-0.0063622999637194,-0.0037774712111037344,-0.002584828752615666,-0.007120019633408777,-0.004535190880793111
2023-12-08,bull_normal,16.414527893066406,61.4,60.0,51.75,0.20177804105479039,0.12595170410615783,0.28181499041120683,0.2030416038183985,0.18741366060944648,0.20137710907748424,0.19986632030094809,0.30098881042032355,0.1477677602012442,0.15,0.23847876834928095,0.23832519115799564,0.23468013889817965,0.13851590159454386,0.15,-0.0046113716780700476,-0.004030647646243576,0.0005807240318264715,-0.0046113716780700476,-0.004979605363501205,-0.0003682336854311571,-0.0046113716780700476,-0.00569022512850555,-0.0010788534504355025
2023-12-15,bull_normal,10.380340576171877,61.5,62.3,45.3,0.20441462290966006,0.1384664259780883,0.2747767876655476,0.20005966762251384,0.18228249582419018,0.1945553621609603,0.1950055578857598,0.24290918172479023,0.21752989822848967,0.15,0.2424273941894068,0.24126882971701802,0.17393231602359505,0.1967641723268172,0.14560728774316298,-0.001320599392738681,-1.4305888669996361e-05,0.0013062935040686846,-0.001320599392738681,-0.0006206466581619992,0.0006999527345766818,-0.001320599392738681,-0.001966264043806011,-0.00064566465106733
2023-12-22,bull_normal,12.588353157043455,62.5,61.7,46.8,0.20368838832733172,0.1412507792486313,0.27418165486952123,0.20066658866632175,0.180212588888194,0.14869700925734927,0.1497356547003634,0.2515673360422874,0.3,0.15,0.16996320664216427,0.17032343642636724,0.2097133569314686,0.3,0.15,0.00022606185142761965,0.0008570009027799709,0.0006309390513523513,0.00022606185142761965,0.0013739449820225186,0.001147883130594899,0.00022606185142761965,0.0011424295092734374,0.0009163676578458177
2023-12-29,bull_normal,14.713910102844238,63.95,64.15,45.95,0.20608553808415694,0.1507180256131449,0.26835278936718754,0.19820634741945817,0.1766372995160526,0.1728564845250232,0.21547699196339543,0.16166652351158134,0.3,0.15,0.21791182725478722,0.23739872157606992,0.09468945116914289,0.3,0.15,0.010320328015096589,0.011134034446325273,0.0008137064312286838,0.010320328015096589,0.00945047517971951,-0.0008698528353770791,0.010320328015096589,0.009118609910795696,-0.0012017181043008935
2024-01-05,bull_normal,14.005855560302734,65.31,65.51,44.8,0.20367126563249263,0.16792447279571873,0.26150631670692753,0.2014142068032135,0.1654837380616476,0.15233110322983034,0.1750574089180844,0.22261148785208526,0.3,0.15,0.22090520315086898,0.22745874337632707,0.16672305475575716,0.2790597069352564,0.10585329178179043,-0.008248687414423675,-0.006954997958342235,0.0012936894560814406,-0.008248687414423675,-0.006503995852410502,0.0017446915620131734,-0.008248687414423675,-0.00744112519747953,0.0008075622169441453
2024-01-12,event_stress,26.170467376708984,64.8,60.0,54.25,0.05,0.0,0.45,0.35,0.15,0.09309659829173167,0.0971047907634803,0.3,0.38383600663907724,0.1259626043057108,0.16539350157991412,0.16821474699005703,0.21639175143002887,0.3,0.15,-0.007280294519724049,-0.007203344431136371,7.69500885876781e-05,-0.007280294519724049,-0.006992978841120514,0.00028731567860353514,-0.007280294519724049,-0.007298737817463324,-1.8443297739275007e-05
2024-01-19,event_stress,28.35306930541992,65.5,61.2,53.39999999999999,0.05,0.0,0.45,0.35,0.15,0.09071458740211157,0.1,0.32108808738619354,0.34224920821613486,0.14594811699556018,0.2168809492247034,0.22107450573162615,0.1949517891796489,0.21709275586402157,0.15000000000000002,-0.0009155266739251355,-0.0010433850706786472,-0.00012785839675351167,-0.0009155266739251355,-0.0017356196152222719,-0.0008200929412971364,-0.0009155266739251355,-0.0029710925131928904,-0.0020555658392677548
2024-01-26,bull_normal,13.315013885498049,60.5,63.0,52.5,0.18714883495950865,0.14078007663672462,0.2836306859889436,0.21934777848780512,0.16909262392701804,0.054068031153958605,0.08650325305514825,0.4399421183539472,0.26948659743694603,0.15,0.06745400412915478,0.08278964574593853,0.48621194124555844,0.21354440887934828,0.15,0.0033897027710922956,0.0030511543475731278,-0.0003385484235191678,0.0033897027710922956,0.0015559459997730777,-0.0018337567713192179,0.0033897027710922956,0.002175023055918248,-0.0012146797151740478
2024-02-02,event_stress,20.48769187927246,54.0,59.3,50.25,0.05,0.0,0.45,0.35,0.15,0.15298619245591458,0.0,0.29999999999999993,0.3525375588530287,0.19447624869105687,0.13807369813229067,0.1413995329691596,0.27052676889854976,0.3,0.15,0.0020716283133026423,0.004719767756605285,0.0026481394433026427,0.0020716283133026423,0.001339396270780979,-0.0007322320425216633,0.0020716283133026423,-0.001729176682759583,-0.0038008049960622254
2024-02-09,event_stress,21.401721954345703,66.5,68.1,44.25,0.05,0.0,0.45,0.35,0.15,0.1320422580668598,0.1,0.3,0.4,0.06795774193314029,0.13834913211607783,0.1312347418002938,0.2804161260836285,0.3,0.15,0.0029071370258696725,-0.00029942564608699204,-0.0032065626719566644,0.0029071370258696725,0.004871327179004661,0.0019641901531349884,0.0029071370258696725,0.005741987780451244,0.0028348507545815716
2024-02-16,event_stress,21.401721954345703,53.0,55.0,40.75,0.05,0.0,0.45,0.35,0.15,0.1320422580668598,0.1,0.3,0.4,0.06795774193314029,0.13068275031521495,0.12092043271653945,0.29839681696824566,0.3,0.15,0.0029071370258696725,-0.00029942564608699204,-0.0032065626719566644,0.0029071370258696725,0.004871327179004661,0.0019641901531349884,0.0029071370258696725,0.005263398453347536,0.002356261427477863
2024-02-23,event_stress,21.375995635986328,65.3,61.3,47.5,0.05,0.0,0.45,0.35,0.15,0.141568556691971,0.09085977704444217,0.3057937691536355,0.2776540694289947,0.18412382768095667,0.19341881458493598,0.1645699080071991,0.31676201875388965,0.21110175684769272,0.1141475018062826,0.005547116702043916,0.0021710201783438853,-0.003376096523700031,0.005547116702043916,0.004733394599407926,-0.0008137221026359902,0.005547116702043916,0.007601962158036546,0.0020548454559926295
2024-03-01,bull_normal,18.94528007507324,65.8,61.03,49.45,0.20471490341822512,0.13961171986703622,0.2747678754332834,0.19912209522626512,0.1817834060551902,0.17473853476320345,0.1726575452000932,0.24065020368048742,0.26195371635621595,0.15,0.2188531553822857,0.21815481620323532,0.1872492829456285,0.22574274546885054,0.15,0.006030655842812342,0.0050615069916548384,-0.0009691488511575034,0.006030655842812342,0.005076419980590975,-0.0009542358622213667,0.006030655842812342,0.005909452957980106,-0.00012120288483223607
2024-03-08,event_stress,33.76432037353516,63.7,64.8,37.75,0.05,0.0,0.45,0.35,0.15,0.19999999999999996,0.09999999999999995,0.3,0.19999999999999998,0.19999999999999996,0.24588405682969303,0.25740519637361853,0.18021190241017213,0.16649884438651633,0.15,0.012217777427824516,0.016500712757657566,0.00428293532983305,0.012217777427824516,0.01216682895818395,-5.094846964056633e-05,0.012217777427824516,0.009975170346978188,-0.0022426070808463285
2024-03-15,bull_normal,13.955896377563477,63.41,63.2,38.35,0.20951939447254586,0.16174403803139964,0.2607178803885758,0.19505239009917533,0.1729662970083034,0.3313952215324042,0.3335898545473981,0.10593092508895988,0.0790839988312379,0.15000000000000002,0.37011518607275956,0.3750798222404197,0.05187471396755255,0.05293027771926832,0.15000000000000002,-0.00011116488546949381,-0.0012807553234680399,-0.0011695904379985462,-0.00011116488546949381,0.0022075253500526662,0.00231869023552216,-0.00011116488546949381,0.0033795288056426556,0.0034906936911121493
2024-03-22,bull_normal,14.067305564880373,58.7,60.2,50.75,0.20141726968540238,0.12214092550069391,0.28540065762439365,0.2019380819231515,0.18910306526635842,0.2691869211605869,0.26884767864888964,0.18786546443371976,0.12409993575680382,0.15,0.2970397388082775,0.30445064101419395,0.1294417412293572,0.11906787894817135,0.15,0.0019810292789385646,0.0026387114293860486,0.000657682150447484,0.0019810292789385646,0.0011659524969612276,-0.0008150767819773369,0.0019810292789385646,0.0006584340889756295,-0.001322595189962935
2024-03-29,event_stress,24.272106170654297,60.7,58.8,49.25,0.05,0.0,0.45,0.35,0.15,0.13685948469091233,0.1,0.34316842706141504,0.2604812134786604,0.1594908747690123,0.25927908708063224,0.2639901365772265,0.16118640699233602,0.16554436934980526,0.15000000000000002,0.0029940612364502102,0.006600841881522796,0.003606780645072586,0.0029940612364502102,0.004288312334403395,0.0012942510979531844,0.0029940612364502102,0.001984579023222225,-0.001009482213227985
2024-04-05,event_stress,24.50827407836914,57.5,62.0,40.75,0.05,0.0,0.45,0.35,0.15,0.08110170618753657,0.08122653156936376,0.4872819839208325,0.23658254869805628,0.11380722962421087,0.3143698800799704,0.31446431808180614,0.17053978816613008,0.1029315526649289,0.09769446100716454,0.010656655800283014,0.014217116691994774,0.0035604608917117597,0.010656655800283014,0.012063486215258396,0.0014068304149753817,0.010656655800283014,0.01024374230434926,-0.000412913495933755
2024-04-12,event_stress,31.890609741210938,59.2,61.8,37.75,0.05,0.0,0.45,0.35,0.15,0.05381404608117049,0.05369280576133605,0.5767246513741411,0.2,0.11576849678335242,0.2091346669892505,0.20909506163001765,0.41705435781521133,0.06436305684074266,0.10035285672477799,0.013049633987654574,0.018276464756876217,0.005226830769221643,0.013049633987654574,0.014709134235379753,0.0016595002477251784,0.013049633987654574,0.004027887279294935,-0.009021746708359639
2024-04-19,event_stress,22.235801696777344,61.4,62.27,40.05,0.05,0.0,0.45,0.35,0.15,0.15074718080173646,0.1,0.3125290222672525,0.2521577672962756,0.18456602963473553,0.2583027817280185,0.2599258930590014,0.153047818835767,0.17872350637721313,0.15,0.0007262666431816824,-0.0014551626307668182,-0.0021814292739485005,0.0007262666431816824,0.0013786032663705493,0.0006523366231888668,0.0007262666431816824,0.004550355748908117,0.0038240891057264343
2024-04-26,event_stress,23.9983024597168,62.0,63.0,47.25,0.05,0.0,0.45,0.35,0.15,0.14239437793925833,0.10000000000000002,0.30000000000000004,0.27330648864469703,0.1842991334160447,0.26104322114890416,0.2640527599417192,0.14992718871917946,0.1749768301901971,0.14999999999999997,-0.009430832790215074,-0.01236890278704707,-0.002938069996831995,-0.009430832790215074,-0.0072888540306436204,0.0021419787595714536,-0.009430832790215074,-0.0013373184723909015,0.008093514317824173
2024-05-03,event_stress,29.94525909423828,63.92,64.95,46.45,0.05,0.0,0.45,0.35,0.15,0.2,0.1,0.3,0.26751079563897606,0.1324892043610239,0.24855386092002266,0.25386267032260335,0.26716510202599075,0.08041836673138328,0.15,-0.012168173345472901,-0.011530146147964049,0.0006380271975088524,-0.012168173345472901,-0.0034500827370658334,0.008718090608407067,-0.012168173345472901,-7.156079270408122e-05,0.01209661255276882
2024-05-10,bull_normal,18.767335891723636,61.5,59.8,43.55,0.20418634721150247,0.13851242284610493,0.27521228348416077,0.20002351694723167,0.18206542951100027,0.22421688490965458,0.22479443853876852,0.21296667968631713,0.18802199686525978,0.15,0.24612406453268149,0.24854764895826217,0.19464495152681296,0.16068333498224346,0.15,0.008868726765885446,0.008520718958182131,-0.0003480078077033148,0.008868726765885446,0.008640424908585314,-0.00022830185730013212,0.008868726765885446,0.008753812815209774,-0.00011491395067567134
2024-05-17,bull_normal,12.013652801513672,59.6,63.3,45.2,0.20409896056242963,0.1367623199634411,0.2756708838286024,0.20045260144165883,0.1830152342038681,0.24533516671939015,0.24241988097362002,0.2027053788721096,0.21092780675370768,0.09861176668117257,0.29218609140640567,0.29593818337912736,0.14045459872061736,0.20603627567286056,0.06538485082098916,0.0026605948534412726,0.0021566567007854343,-0.0005039381526558383,0.0026605948534412726,0.002350538314761914,-0.00031005653867935846,0.0026605948534412726,0.0026245574462522283,-3.603740718904425e-05
2024-05-24,bull_normal,17.400657653808594,61.5,61.0,47.25,0.20326780849879103,0.13194676557468113,0.2785294694839591,0.2011666294742828,0.1850893269682859,0.15923894939714667,0.1550223472096687,0.44385215519139165,0.09188654820179303,0.15,0.19163363218827847,0.1904531091157072,0.399798894523053,0.06811436417296138,0.15,-0.006098995477872624,-0.005003348078246175,0.001095647399626449,-0.006098995477872624,-0.002303642018909158,0.0037953534589634658,-0.006098995477872624,-0.002855637123469418,0.0032433583544032056
2024-05-31,bull_normal,12.384982109069824,57.5,57.7,45.5,0.20122089249326788,0.12305231927636315,0.2841447139418572,0.20301918928734655,0.18856288500116514,0.2379512442186923,0.22589302211457873,0.32768705003015297,0.05846868363657604,0.15000000000000002,0.2568481035098196,0.25523254093872494,0.279578316853351,0.05834103869810452,0.15,-0.002965102428981434,-0.0025513844236103216,0.0004137180053711124,-0.002965102428981434,-0.002274854916955361,0.0006902475120260732,-0.002965102428981434,-0.002437206238067514,0.00052789619091392
2024-06-07,bull_normal,10.078767776489258,57.3,66.4,44.25,0.20460193853023362,0.13969628907591963,0.2740068068286305,0.19995370217551975,0.18174126338969648,0.18154543181022154,0.18439839169819944,0.4176308767234217,0.11213551033635472,0.10428978943180264,0.24702071318333932,0.24920351104584357,0.34603348828989877,0.08738016261979527,0.07036212486112313,0.0015070293575291504,0.0019457603672206232,0.0004387310096914728,0.0015070293575291504,0.0023714210174057304,0.00086439165987658,0.0015070293575291504,0.0018804068078856618,0.00037337745035651146
2024-06-14,bull_normal,14.461387634277344,63.2,56.3,51.25,0.20139808151727717,0.12343781222936143,0.2839728218971069,0.20273075056437914,0.18846053379187533,0.23576167753271332,0.2436210184850485,0.22519482930620466,0.14542247467603353,0.15,0.280091875513316,0.28222652170537066,0.14854863826764828,0.13913296451366508,0.15,-0.00741583214607286,-0.007076397504844446,0.00033943464122841455,-0.00741583214607286,-0.006617723740377529,0.0007981084056953311,-0.00741583214607286,-0.006859036317396441,0.0005567958286764188
2024-06-21,event_stress,21.130619049072266,57.3,61.8,50.75,0.05,0.0,0.45,0.35,0.15,0.1531160131631185,0.1,0.3743036923470515,0.2,0.1725802944898301,0.28863577791868233,0.27789513212949885,0.16601898795868322,0.11745010199313571,0.15,0.00028076080385550507,0.0020328599844477166,0.0017520991805922116,0.00028076080385550507,-0.0008295092214090397,-0.0011102700252645448,0.00028076080385550507,-0.00319338986426274,-0.0034741506681182453
2024-06-28,event_stress,26.27972412109375,59.5,60.0,37.25,0.05,0.0,0.45,0.35,0.15,0.16079612534441268,0.1,0.30237403883055664,0.3109389911506734,0.1258908446743573,0.2769946903327525,0.29648706786395584,0.0824104158916964,0.2297533484075789,0.11435447750401642,0.004834817539824076,0.0028225469649331486,-0.0020122705748909274,0.004834817539824076,0.00024423671461048894,-0.004590580825213587,0.004834817539824076,-0.0033222799959267647,-0.008157097535750842
2024-07-05,bull_normal,18.597579956054688,64.8,66.0,36.25,0.21388411413452696,0.177920508217438,0.2511786620274894,0.19003435669907134,0.16698235892147423,0.2325071743869625,0.23467038785610075,0.10131561961379648,0.2815068181431404,0.15,0.3124450251824763,0.3172006816546923,0.0376098009904736,0.23870728973872615,0.09403720243363164,-0.0025670709789620983,-0.002786763315184335,-0.00021969233622223675,-0.0025670709789620983,-0.001213578617647579,0.0013534923613145193,-0.0025670709789620983,-0.0012820995982452264,0.0012849713807168719
2024-07-12,bull_normal,17.13673973083496,63.7,60.6,45.75,0.1951868654837337,0.15213733818775732,0.2734225310724761,0.2108625910884782,0.16839067416755465,0.1544808585794139,0.14588824128487457,0.24963090013571163,0.3,0.15,0.170553681123538,0.16468682480181748,0.2147594940746445,0.3,0.15,0.0007631973801968763,0.0008469424844083269,8.374510421145054e-05,0.0007631973801968763,0.0011768781177103724,0.00041368073751349606,0.0007631973801968763,0.0015633648351776055,0.0008001674549807292
2024-07-19,bull_normal,15.27483367919922,65.22,61.02,48.05,0.20468950979298725,0.137715082215545,0.2750546449899752,0.19966233790633903,0.18287842509515356,0.2320754863485181,0.2365252411082096,0.21614110279478801,0.16525816974848437,0.15,0.27466852904497374,0.27525728385098036,0.15157863731649807,0.1484955497875479,0.15,0.0036414368257311133,0.003049003020657821,-0.0005924338050732922,0.0036414368257311133,0.004820856050017376,0.0011794192242862624,0.0036414368257311133,0.005855571085402345,0.002214134259671232
2024-07-26,bull_normal,15.283838272094728,59.6,59.2,39.5,0.2006894459239888,0.14735328209530602,0.27058220581677694,0.20634419479743546,0.1750308713664929,0.13821913255878848,0.13477578243022104,0.4100683586663016,0.16693672634468903,0.15,0.18069024619900598,0.17971095217825414,0.382919288984611,0.10973705606508409,0.14694245657304494,-0.005242134635920494,-0.0033011379909339035,0.0019409966449865906,-0.005242134635920494,0.0006182267999199345,0.0058603614358404285,-0.005242134635920494,-0.0007074296538792809,0.004534704982041213
2024-08-02,bull_normal,12.91185188293457,60.8,59.7,42.4,0.2039003611081413,0.13871910950878433,0.2747287176579628,0.20084002886332003,0.18181178286179145,0.20344333725340846,0.20683516023480836,0.26909541082385824,0.170626091687925,0.15000000000000002,0.2633664083409067,0.2649485226259516,0.18190667744268713,0.1397783915904547,0.15,0.002935927558393789,0.004533260955754247,0.0015973333973604582,0.002935927558393789,0.004088302165082987,0.0011523746066891974,0.002935927558393789,0.0018738389778345209,-0.0010620885805592683
2024-08-09,bull_normal,19.932580947875977,59.7,59.3,47.25,0.2020430962998665,0.12664286010699163,0.2827000625338198,0.2015421526696199,0.1870718283897022,0.2429366617815824,0.2522827019458206,0.12467325119832214,0.23010738507427503,0.15,0.284522954205566,0.28793521728245297,0.08532381710668946,0.19221801140529163,0.15,-0.01083285050110883,-0.011482753838895602,-0.0006499033377867728,-0.01083285050110883,-0.010105956259174709,0.0007268942419341208,-0.01083285050110883,-0.009504502211955888,0.0013283482891529412
2024-08-16,bull_normal,19.529560089111328,62.2,60.8,44.25,0.2046269227180303,0.14007319057303674,0.2742356520643588,0.19955801226539358,0.18150622237918063,0.23117144001620699,0.2347420655738212,0.12530792536688237,0.2587785690430895,0.15,0.2748433207910508,0.2756685900038022,0.08009403233976821,0.2193940568653789,0.15000000000000002,-0.0034595367008833427,-0.004439675415868169,-0.0009801387149848259,-0.0034595367008833427,-0.0011622481837173706,0.002297288517165972,-0.0034595367008833427,-0.00031371100098944913,0.0031458256998938934
2024-08-23,bull_normal,13.71949577331543,62.7,60.95,45.55,0.20447071102210215,0.13857829526775794,0.27516292747276244,0.19957808048169998,0.18220998575567748,0.21334626434673556,0.2166156258967948,0.16315887935549106,0.2568792304009786,0.15,0.24731732838206885,0.24661130981784807,0.1357076529962881,0.22036370880379494,0.15,0.002254139602771965,0.003013701643268206,0.000759562040496241,0.002254139602771965,0.0019739864701960267,-0.0002801531325759385,0.002254139602771965,0.001552769774964297,-0.0007013698278076682
2024-08-30,event_stress,20.04718971252441,59.3,59.5,45.25,0.05,0.0,0.45,0.35,0.15,0.10000000000042633,2.520900155289496e-14,0.3,0.3999999999995484,0.2,0.2547645557714435,0.24400085412674274,0.1483232768127188,0.2029113132890949,0.15,-0.0028970401058644873,-0.0026088880103218083,0.0002881520955426791,-0.0028970401058644873,-0.0002882894526214538,0.0026087506532430334,-0.0028970401058644873,0.001118254233149814,0.004015294339014302
2024-09-06,bull_normal,19.221166610717773,60.55,60.45,44.45,0.20358925084269786,0.1356682317401137,0.27702605987664597,0.20050602566698686,0.18321043187355557,0.21321324662876892,0.21520423459075888,0.19458080629140287,0.2270017124890693,0.15,0.26039278145745426,0.25995241213543685,0.13708013428660995,0.19257467212049903,0.15,0.0011410014107372012,0.003384921973561234,0.002243920562824033,0.0011410014107372012,-0.00015761851693359965,-0.0012986199276708008,0.0011410014107372012,-0.002509648951432736,-0.0036506503621699373
2024-09-13,bull_normal,15.765262603759766,59.2,59.7,52.25,0.20129091466188415,0.1239772110013268,0.28434671286785584,0.20235584151953356,0.18802931994939967,0.2516838888238931,0.2532394954753494,0.1466675355246915,0.20163753350820834,0.1467715466678577,0.29562416527679924,0.30388424939117537,0.09361397498887868,0.1837077392955607,0.12316987104758607,-0.0020349587266883873,-0.00042227784004608633,0.001612680886642301,-0.0020349587266883873,-0.0032610510218710077,-0.0012260922951826203,-0.0020349587266883873,-0.004697084825028245,-0.002662126098339858
2024-09-20,bull_normal,17.032398223876953,64.0,62.0,42.25,0.2069294492809916,0.15171399677886277,0.26712409210154997,0.1975342162458761,0.17669824559271957,0.13703298353914656,0.26438406549121146,0.3141646206500891,0.146609598474876,0.1378087318446769,0.2126552923857078,0.27692860611923914,0.31814051117196795,0.11263993393222436,0.07963565639086077,0.001579599187343958,0.0010905023486645724,-0.0004890968386793856,0.001579599187343958,-0.00039840661634495296,-0.001978005803688911,0.001579599187343958,-0.0005358318974630072,-0.0021154310848069654
2024-09-27,event_stress,242.85665893554688,66.5,64.5,43.75,0.05,0.0,0.45,0.35,0.15,0.08475169407397132,0.07342931492605242,0.3327487049560166,0.3204872282877197,0.18858305775623982,0.14653092414792154,0.1419128317678069,0.33573617739078576,0.23296183626144562,0.14285823043204016,0.0021916221806786633,-0.005442056068507801,-0.0076336782491864645,0.0021916221806786633,0.007454950214818376,0.005263328034139713,0.0021916221806786633,0.018965202130233175,0.01677357994955451
2024-10-04,event_stress,579.437255859375,63.0,63.5,48.5,0.05,0.0,0.45,0.35,0.15,0.0952120020652726,0.08196337065269653,0.3229040758471643,0.3133394986845071,0.1865810527503595,0.13594113241208053,0.12863066595636524,0.3714914179476722,0.2257533978632791,0.13818338582060297,-0.0017565132774266523,-0.012308828020728505,-0.010552314743301852,-0.0017565132774266523,0.009388104739031835,0.011144618016458488,-0.0017565132774266523,0.01760720267811381,0.019363715955540463
2024-10-11,event_stress,126.14768981933594,62.8,64.0,38.0,0.05,0.0,0.45,0.35,0.15,0.06034191423395058,0.061356652712214375,0.3762035148363386,0.31678935694803867,0.18530856126945783,0.13395526506790958,0.1351490902230474,0.48813710538669325,0.14878764243238984,0.09397089688995995,-0.0003507450040469917,-0.0009138982187728369,-0.0005631532147258452,-0.0003507450040469917,-0.0011335198281844396,-0.0007827748241374479,-0.0003507450040469917,0.0009660128758657007,0.0013167578799126924
2024-10-18,event_stress,68.40298461914062,66.0,59.0,42.5,0.05,0.0,0.45,0.35,0.15,0.0985989426548946,0.1,0.39240077884988944,0.26443842633310827,0.14456185216210768,0.20881273366365893,0.21038280858851138,0.3407189749221592,0.1287999008289389,0.11128558199673143,0.003046174507865147,0.005450981684574949,0.0024048071767098023,0.003046174507865147,0.004472769101450086,0.0014265945935849388,0.003046174507865147,0.0026924325218987974,-0.00035374198596634966
2024-10-25,event_stress,42.71207427978516,67.6,64.7,48.75,0.05,0.0,0.45,0.35,0.15,0.2,0.1,0.3,0.2,0.2,0.2733197906120727,0.2783658808879791,0.1878961604147382,0.12511848601635148,0.13529968206885856,-0.007796047048308033,-0.0069231802846592815,0.0008728667636487518,-0.007796047048308033,-0.004740654346219276,0.0030553927020887574,-0.007796047048308033,-0.0025295644287740976,0.005266482619533936
2024-11-01,event_stress,23.982830047607425,67.34,64.62,48.85,0.05,0.0,0.45,0.35,0.15,0.20000000000000004,0.1,0.30000000000000004,0.2564359272285648,0.14356407277143526,0.28853428058974423,0.28525854597883166,0.11189088170142852,0.16431629172999568,0.15,0.004666909586699356,0.004861132661169298,0.0001942230744699418,0.004666909586699356,0.002185585071958321,-0.002481324514741035,0.004666909586699356,-0.000925676812917199,-0.005592586399616555
2024-11-08,bull_normal,10.305638313293455,62.5,61.2,42.25,0.20470409529436429,0.14760985322067038,0.26899446655799136,0.20112123967887818,0.17757034524809573,0.16685652495005693,0.17575680680269729,0.24443364817712848,0.3,0.11295302007011719,0.20209048695485407,0.2051728882081286,0.22563562066711051,0.3,0.06710100416990669,0.005224674884875581,0.004574329880656717,-0.0006503450042188641,0.005224674884875581,0.0018167516085237033,-0.0034079232763518778,0.005224674884875581,0.0020353744517643876,-0.0031893004331111936
2024-11-15,event_stress,26.35165023803711,61.95,60.9,42.85,0.05,0.0,0.45,0.35,0.15,0.04201972759811354,0.041769335203202425,0.5038329618365432,0.3644693229913114,0.04790865237082933,0.1658150239170747,0.1654569156539111,0.43912520870253197,0.19264213131785712,0.03696072040862515,-0.0034166939209583844,-0.0061683281409260285,-0.002751634219967644,-0.0034166939209583844,-0.006020324784312785,-0.002603630863354401,-0.0034166939209583844,-0.004911048955854577,-0.0014943550348961929
2024-11-22,event_stress,25.66501235961914,59.0,58.0,36.25,0.05,0.0,0.45,0.35,0.15,0.02528017270388377,0.0,0.5999999999999999,0.19999999999999996,0.17471982729611624,0.30878656665049764,0.3105639077400763,0.22288315608977535,0.03053135431242202,0.12723501520722874,0.0030823028546082187,0.008120005679468863,0.005037702824860644,0.0030823028546082187,0.003710852415607174,0.0006285495609989551,0.0030823028546082187,-0.004581484023680572,-0.00766378687828879
2024-11-29,bull_normal,17.266902923583984,65.3,60.0,47.0,0.20443523758712534,0.13746085012418702,0.27471196562250483,0.20048467873497106,0.1829072679312118,0.20166015095722659,0.21114227507862202,0.24762030551766862,0.18957726844648284,0.15,0.25228777897252436,0.2536587618519332,0.17248896668345534,0.1894882804936887,0.13207621199839836,0.0004944576091978137,0.0003928314917523456,-0.00010162611744546812,0.0004944576091978137,0.00042103543354640055,-7.342217565141319e-05,0.0004944576091978137,0.00039631547660226607,-9.814213259554767e-05
2024-12-06,bull_normal,17.27111053466797,67.05,63.6,46.5,0.20779827894932007,0.1506017258726556,0.26718787914088454,0.19650444151868457,0.1779076745184552,0.22072342532458442,0.23535823287391766,0.27935136212207234,0.16926227310300596,0.09530470657641961,0.29243641752290433,0.2972245303395185,0.21158462369271563,0.1452341419235551,0.05352028652130632,-0.0020513853471124496,-0.0011946178629061361,0.0008567674842063135,-0.0020513853471124496,0.000976596715773494,0.0030279820628859437,-0.0020513853471124496,0.0017806070412372478,0.0038319923883496972
2024-12-13,event_stress,23.88559341430664,66.0,68.1,44.0,0.05,0.0,0.45,0.35,0.15,0.20000000000000004,1.908195823574488e-17,0.30000000000000004,0.4,0.10000000000000003,0.33735054886809934,0.33856977196088095,0.0,0.18839650019732246,0.1356831789736973,0.017452415929281845,0.016974001210739182,-0.0004784147185426628,0.017452415929281845,0.011756254009570592,-0.005696161919711253,0.017452415929281845,-0.0011167669860939209,-0.018569182915375765
2024-12-20,bull_normal,19.114971160888672,66.8,66.2,47.25,0.20895479821164176,0.15449803549235125,0.2654211007486733,0.1946491589249363,0.17647690662239746,0.2698388493101304,0.28344191225691345,0.12357047057087021,0.17314876786208602,0.15,0.3330716224030233,0.33357097674305874,0.06634435555309331,0.15180649066468954,0.11520655463613515,-0.0016018524237659264,-0.0010737352321282029,0.0005281171916377235,-0.0016018524237659264,-0.0018841973370520328,-0.0002823449132861064,-0.0016018524237659264,-0.0020816668260641687,-0.0004798144022982423
2024-12-27,bull_normal,14.810264587402344,60.5,61.4,52.75,0.20251191704174829,0.13011737687558383,0.2806209019463632,0.20125511379839514,0.18549469033790955,0.2262322780079585,0.22394212976234182,0.20797766418568991,0.25379859130269744,0.08804933674131238,0.26244027238994494,0.2757726771286195,0.1639530298490393,0.23013516145704788,0.06769885917534835,0.0006115098095512612,-0.0005441173321786064,-0.0011556271417298676,0.0006115098095512612,-6.951781611098462e-05,-0.0006810276256622458,0.0006115098095512612,0.00042780159061698024,-0.00018370821893428095
2025-01-03,event_stress,20.17166519165039,71.2,69.4,52.75,0.05,0.0,0.45,0.35,0.15,0.2,0.10000000000000003,0.30000000000000004,0.20000000000000007,0.20000000000000007,0.2361923186947969,0.2371499003094813,0.21066607210427618,0.16599170889144574,0.15,0.009460753695431354,0.010640700366844467,0.0011799466714131138,0.009460753695431354,0.0035524690024814733,-0.00590828469294988,0.009460753695431354,-0.0010714232297581513,-0.010532176925189506
2025-01-10,bull_normal,17.136428833007812,70.6,69.22,52.85,0.2122525359892926,0.1678230119924306,0.2572563945082762,0.19127540313272742,0.17139265437727322,0.23919446041941167,0.2556613868101906,0.15548145792267057,0.1996626948477272,0.15,0.25977983091673645,0.26350995264205757,0.1478296331665894,0.17888058327461662,0.15,-0.005887716800733313,-0.007202489069286035,-0.0013147722685527214,-0.005887716800733313,-0.005088130071252086,0.0007995867294812269,-0.005887716800733313,-0.005088658069088935,0.000799058731644378
2025-01-17,bull_normal,18.0039005279541,61.5,57.5,48.2,0.20187309138426696,0.12511693234207358,0.283566289838774,0.20165170221794113,0.18779198421694424,0.24357012781495502,0.2461382514408806,0.06029162074416447,0.3,0.15,0.2695470297093193,0.2704081666799845,0.03194857874079278,0.30000000000000004,0.12809622486990352,0.004307522258390968,0.003248468150824255,-0.0010590541075667127,0.004307522258390968,0.00459582617735621,0.0002883039189652426,0.004307522258390968,0.004569755989371109,0.0002622337309801416
2025-01-24,bull_normal,16.795421600341797,63.540000000000006,64.32000000000001,47.25,0.20593293161200174,0.1432204146360253,0.2724081727765905,0.1978118735821274,0.1806266073932551,0.19685165723111428,0.19940005251444043,0.15374829025444542,0.3,0.15,0.23640467661286732,0.23568202792528814,0.08307706428463507,0.2948362311772095,0.15,0.0009401637658781247,-4.231319456623084e-05,-0.0009824769604443555,0.0009401637658781247,0.0013278026591648613,0.0003876388932867365,0.0009401637658781247,0.0021182524247656646,0.00117808865888754
2025-01-31,bull_normal,11.094335556030272,68.5,68.0,50.0,0.20975912746096345,0.1557246743044454,0.2647235655528079,0.1934742043540803,0.17631842832770295,0.22562096668943254,0.23947160338860507,0.17075709510722611,0.21415033481473636,0.15,0.2877217229983464,0.2751626516343641,0.12761851331664215,0.1997285419195664,0.10976857013108102,0.001304844688259733,0.0015943398025182569,0.00028949511425852394,0.001304844688259733,0.0010365591623458844,-0.00026828552591384855,0.001304844688259733,0.0005702783490489495,-0.0007345663392107835
2025-02-07,bull_normal,13.195215225219728,69.5,65.8,47.0,0.21065626626236228,0.16049184891558116,0.26135692367085617,0.19312667495809538,0.17436828619310496,0.25292116883366106,0.2655410245503759,0.18072069674241564,0.15081710987354732,0.15,0.3204660437695884,0.3216013515038941,0.09701820109546337,0.1320349352549623,0.12887946837609202,0.00880987956356523,0.00864906846385393,-0.00016081109971130027,0.00880987956356523,0.007934783781536295,-0.0008750957820289357,0.00880987956356523,0.007495633972888307,-0.0013142455906769235
2025-02-14,bull_normal,14.026698112487791,65.0,63.0,42.5,0.20824786028552753,0.15486229479353125,0.2650786172069926,0.1959625643382616,0.17584866337568697,0.331264247970508,0.3380211776259902,0.10432208537169244,0.11718613288701785,0.1092063561447915,0.38501728286212705,0.3851675130506951,0.053259929332548105,0.10369959762379617,0.07285567713083367,-0.002265427207689908,-0.0037989852773377642,-0.0015335580696478565,-0.002265427207689908,-0.00023015461950984446,0.002035272588180063,-0.002265427207689908,0.001083173109975479,0.003348600317665387
2025-02-21,bull_normal,18.47249984741211,68.3,64.3,42.95,0.2109415355246737,0.16414085166600412,0.25907025233020536,0.1932549655103987,0.1725923949687181,0.3189215043738426,0.3205757060313001,0.139526132647629,0.1561376581540356,0.06483899879319281,0.38151522122101367,0.35636353874040083,0.06955558018429193,0.14706368263394723,0.04550197722034644,-0.0027304058812444186,-0.004038423057596469,-0.00130801717635205,-0.0027304058812444186,-0.0020994246812003903,0.0006309812000440283,-0.0027304058812444186,-0.0007709409893859903,0.0019594648918584284
2025-02-28,event_stress,21.692710876464844,70.6,66.6,42.45,0.05,0.0,0.45,0.35,0.15,0.1717568708906403,0.1,0.36392122182884057,0.24912887459013172,0.11519303269038741,0.2946559263902359,0.29436035619506024,0.2237179396340243,0.11536250614828426,0.07190327163239527,-0.008492405486392973,-0.009307123008489293,-0.0008147175220963206,-0.008492405486392973,-0.00863021288206817,-0.00013780739567519767,-0.008492405486392973,-0.007671087031032676,0.0008213184553602969
2025-03-07,bull_normal,12.181278228759766,71.4,65.7,55.75,0.20999585010890026,0.16437607002077026,0.25900772082431806,0.1947582367321776,0.17186212231383388,0.20431238256454565,0.2188245944951706,0.2112268480561651,0.21563617488411865,0.15,0.23242770752025896,0.23385459347856632,0.19022318162980942,0.1934945173713653,0.15,-0.001113480367701339,-0.0014594251406808117,-0.0003459447729794727,-0.001113480367701339,-0.0008110238798059786,0.0003024564878953604,-0.001113480367701339,-0.0006362118618440937,0.0004772685058572453
2025-03-14,bull_normal,18.04887580871582,69.9,66.2,47.75,0.2107966386787945,0.1607172592185707,0.2615008979577775,0.1926792735708509,0.17430593057400634,0.2899052302674134,0.306697769865964,0.10251243317706517,0.15725870408536644,0.14362586260419108,0.35543429127448983,0.3512105977742123,0.05369886086526068,0.13152223362293206,0.10813401646310516,0.0021088639691362386,0.001611800945982108,-0.0004970630231541306,0.0021088639691362386,0.0028992521136475546,0.000790388144511316,0.0021088639691362386,0.0032934869713080427,0.001184623002171804
2025-03-21,bull_normal,17.730093002319336,68.0,59.5,52.75,0.20456802148233155,0.1400838288758456,0.27393623354271035,0.19991775854985586,0.18149415754925657,0.21405651686309413,0.22719981404094794,0.2217892055959971,0.18695446349996084,0.15,0.27251413948129605,0.27127530588501314,0.14828134271148063,0.1829934412132618,0.12493577070894842,-0.004579415959213101,-0.004635639340061298,-5.622338084819694e-05,-0.004579415959213101,-0.004819913071158366,-0.0002404971119452648,-0.004579415959213101,-0.004895092009367909,-0.00031567605015480824
2025-03-28,bull_normal,14.578508377075195,70.1,63.5,40.75,0.21288480571732232,0.17207067625411446,0.2538128463977865,0.19163526992465627,0.16959640170612036,0.21829229867853114,0.23224977360277194,0.2443244922965515,0.15513343542214547,0.15,0.3088698257521143,0.3088983567655358,0.1482010088801388,0.10263227128165599,0.1313985373205552,0.0011396571558678335,0.0015347133552367051,0.00039505619936887164,0.0011396571558678335,0.001245507644714266,0.00010585048884643252,0.0011396571558678335,0.0002879703275641217,-0.0008516868283037118
2025-04-04,event_stress,21.40342712402344,65.0,57.0,38.75,0.05,0.0,0.45,0.35,0.15,0.20000000000000004,0.1,0.30000000000000004,0.30754252943152166,0.09245747056847832,0.279693069969322,0.3359161954238955,0.09863520650731002,0.18485467130063837,0.10090085679883419,0.010353485790933564,0.012995437581538165,0.002641951790604601,0.010353485790933564,0.008084503640474265,-0.0022689821504592988,0.010353485790933564,0.0009929540369015936,-0.00936053175403197
2025-04-11,event_stress,20.59331512451172,70.6,74.1,42.7,0.05,0.0,0.45,0.35,0.15,0.09763026894531174,0.0876908078315782,0.3500324697005521,0.26464645352255795,0.19999999999999996,0.2765849179848845,0.2677756496210913,0.23591556030256355,0.06972387209146078,0.15,0.007454836813645964,0.009027509005199965,0.0015726721915540007,0.007454836813645964,0.006327827188508818,-0.001127009625137146,0.007454836813645964,-3.41445960957774e-05,-0.007488981409741742
2025-04-18,event_stress,21.958120346069336,71.64000000000001,72.42,42.8,0.05,0.0,0.45,0.35,0.15,0.11326606204577763,0.1,0.36250805709495626,0.2688348308743915,0.15539104998487455,0.355760240398499,0.35090353673360386,0.08526097261732485,0.1229929371856081,0.08508231306496426,-0.0012590455876169276,0.0014291794914012557,0.0026882250790181833,-0.0012590455876169276,0.0009534052835875337,0.0022124508712044614,-0.0012590455876169276,0.0018858562258457028,0.0031449018134626304
2025-04-25,event_stress,30.134929656982425,61.2,55.6,51.2,0.05,0.0,0.45,0.35,0.15,0.12479085053564065,0.0,0.47520914946435955,0.19999999999999996,0.19999999999999996,0.31636480977432085,0.31518413116381694,0.17256833236156688,0.04588272670029539,0.15,-0.00509474418542554,-0.005727968286044225,-0.0006332241006186843,-0.00509474418542554,-0.004795926195245832,0.000298817990179708,-0.00509474418542554,-0.0013319395869868331,0.0037628045984387072
2025-05-02,event_stress,24.60798454284668,62.64000000000001,57.27,53.2,0.05,0.0,0.45,0.35,0.15,0.19069731499855064,7.291530660508139e-16,0.4342322946599379,0.2,0.17507039034151078,0.2837939150669771,0.28666191534253666,0.21982611679846714,0.08853706774577638,0.12118098504624272,-0.0012039279563041466,-0.0019738226220549306,-0.0007698946657507841,-0.0012039279563041466,-0.0018611416109267252,-0.0006572136546225786,-0.0012039279563041466,-0.0020946550749863678,-0.0008907271186822212
2025-05-09,event_stress,20.83251953125,68.0,65.2,42.5,0.05,0.0,0.45,0.35,0.15,0.10228094951282721,0.1,0.4050584932874048,0.29372788031370434,0.09893267688606368,0.34203248310120854,0.3430126081463582,0.1318615401245104,0.13119276728861218,0.05190060133931071,0.0016388672192173557,0.0006982995899761583,-0.0009405676292411974,0.0016388672192173557,0.0014067028582081338,-0.00023216436100922185,0.0016388672192173557,0.003103609237812114,0.0014647420185947583
2025-05-16,event_stress,30.42140007019043,67.52000000000001,65.12,45.05,0.05,0.0,0.45,0.35,0.15,0.2,0.1,0.3,0.2,0.2,0.36927196905265275,0.3705631819171007,0.039319006893977215,0.07084584213626939,0.15,-0.012351438647012315,-0.015467821883393542,-0.0031163832363812274,-0.012351438647012315,-0.009039975997906503,0.003311462649105812,-0.012351438647012315,-0.0009328972467875614,0.011418541400224753
2025-05-23,bull_normal,17.393173217773438,66.0,65.5,42.5,0.20996866092782693,0.1609640819540646,0.26030716755005184,0.19499863219766234,0.17376145737039428,0.348055455887102,0.3671657717362172,0.09660495495128525,0.03817381742539561,0.15,0.4134328157974308,0.41426614256043637,0.04207283479672963,0.029664972185711416,0.10056323465969187,0.004034399049307421,0.0040006975317388865,-3.37015175685346e-05,0.004034399049307421,0.0010437125804251832,-0.002990686468882238,0.004034399049307421,0.00047865695457190844,-0.0035557420947355126
2025-05-30,bull_normal,12.620182037353516,66.02000000000001,66.79,41.9,0.21106709593952883,0.16510124270407367,0.257554900729261,0.19402414567351137,0.17225261495362515,0.2995133158564484,0.31596347295739646,0.20401049583090897,0.048492987222160826,0.13201972813308543,0.39640639273782774,0.39312699885771285,0.10209468960421074,0.036531616993594605,0.07184030180665411,-0.0031210401446029644,-0.0033582253588704354,-0.00023718521426747095,-0.0031210401446029644,-0.0026577141826568534,0.000463325961946111,-0.0031210401446029644,-0.0026619010354279604,0.000459139109175004
2025-06-06,bull_normal,11.836191177368164,61.2,66.4,39.25,0.2095631484674517,0.16142863021306217,0.26123241474389464,0.19464618824821703,0.1731296183273744,0.28412970215358324,0.2792590709292092,0.15279200320195022,0.13381922371525737,0.15,0.35852112568083855,0.3588604589349948,0.06672264341314134,0.08158716622890948,0.1343086057421158,0.005393771008104615,0.005544960691176415,0.0001511896830718,0.005393771008104615,0.004153847461333767,-0.0012399235467708486,0.005393771008104615,0.003039690267094694,-0.0023540807410099215
2025-06-13,bull_normal,8.935700416564941,62.3,60.0,52.25,0.20252611868050474,0.12984034284770263,0.28044136760610233,0.201503029519106,0.1856891413465843,0.20602192727441607,0.20137491031813412,0.17361641437997283,0.2689867480274771,0.15,0.2366042510780428,0.23969357556437565,0.11889069993330363,0.25481147342427796,0.15,0.001039966960128211,0.0009106449790084084,-0.00012932198111980254,0.001039966960128211,0.001046903090661213,6.93613053300208e-06,0.001039966960128211,0.0010137245050272402,-2.6242455100970686e-05
2025-06-20,bull_normal,9.917930603027344,64.32000000000001,59.95,54.1,0.2025444155136214,0.1336108731060365,0.2770379668630559,0.20301750640568034,0.18378923811160597,0.12926749573663093,0.23754345804403526,0.385973494163749,0.09721555205558488,0.15,0.17124370230716562,0.20983606243468597,0.3693197849006534,0.09960045035749512,0.15,-0.0027579135371613257,-0.0025290550436646276,0.00022885849349669812,-0.0027579135371613257,-0.0006319798103400252,0.0021259337268213006,-0.0027579135371613257,-0.00097967476590597,0.0017782387712553557
2025-06-27,bull_normal,8.465886116027832,62.94,58.8,54.7,0.1936874975684816,0.13913884796206655,0.27942356729281065,0.21311249118077455,0.17463759599586662,0.11864180450582572,0.2342412013059101,0.2674755408354813,0.22964145335278294,0.15,0.1453125523370294,0.2038429898472775,0.2761053253799919,0.22473913243570134,0.15,-0.0032493915437633923,-0.003550283951455986,-0.00030089240769259375,-0.0032493915437633923,-0.003255641406331466,-6.249862568073663e-06,-0.0032493915437633923,-0.0032434391089515907,5.952434811801622e-06
2025-07-04,bull_normal,11.096841812133787,59.7,60.8,39.25,0.20481509240988632,0.14432105410988702,0.2707959628632484,0.20063801028284728,0.17942988033413101,0.25527094643299636,0.25044360030063734,0.24786450435199792,0.13440717388277848,0.11201377503158993,0.3004160202976602,0.2944823491048247,0.20663971362471192,0.11884324695732516,0.07961867001547818,0.0024881600669952805,0.0022537314405008235,-0.00023442862649445707,0.0024881600669952805,0.002523344410036347,3.518434304106664e-05,0.0024881600669952805,0.002727788857304239,0.00023962879030895844
2025-07-11,bull_normal,11.44145965576172,65.8,60.7,56.0,0.2035102139571758,0.1410374842784769,0.27339947170149315,0.20174201163587235,0.18031081842698188,0.29866519451001877,0.317252710439357,0.09550681241482477,0.13857528263579952,0.15,0.31317636967487344,0.320507478422027,0.06550924817286331,0.15080690373023622,0.15,-0.001407717102994508,-0.0023327792200499714,-0.0009250621170554633,-0.001407717102994508,0.00025237538391929435,0.0016600924869138024,-0.001407717102994508,0.0005239972320483499,0.001931714335042858
2025-07-18,bull_normal,10.065231323242188,67.32000000000001,62.15,55.75,0.2050921938772483,0.14684711921790355,0.2697897924910828,0.2000807911736613,0.178190103240104,0.21195075428701565,0.2327472195879397,0.17154586969172592,0.265250175456675,0.11850598097664367,0.24808955984013428,0.2561464117827932,0.14435801903042034,0.2515198672523859,0.09988614209426638,0.002497957405233528,0.0020966163892734554,-0.0004013410159600726,0.002497957405233528,0.0016751735170567965,-0.0008227838881767315,0.002497957405233528,0.0016640517212762958,-0.0008339056839572322
2025-07-25,bull_normal,9.691393852233888,60.3,59.3,42.25,0.2036550926665827,0.13755212035465395,0.27579564984182775,0.20074958660589826,0.18224755053103736,0.2808042457186043,0.3021217050146964,0.16453608622398455,0.18397531232325526,0.06856265071945951,0.34971532953690365,0.3574174160268693,0.11990262453540824,0.13131802897090272,0.04164660092991611,-0.0030252956519481195,-0.004235410866742504,-0.0012101152147943849,-0.0030252956519481195,-0.0012688782077261184,0.0017564174442220011,-0.0030252956519481195,4.89114057824852e-05,0.003074207057730605
2025-08-01,bull_normal,7.673639297485352,62.120000000000005,58.75,45.15,0.2034396499711341,0.1343793644508863,0.27773316106082535,0.20063032201297828,0.18381750250417608,0.26348929178407116,0.28190489570293026,0.1760763970267926,0.13512227128667093,0.14340714419953499,0.27382680109039215,0.28730618942280484,0.1847005995379974,0.12512656604100103,0.12903984390780457,-0.002815348114494927,-0.0022080510885723217,0.0006072970259226053,-0.002815348114494927,-0.0032491218829207667,-0.0004337737684258396,-0.002815348114494927,-0.003235021230636101,-0.0004196731161411741
2025-08-08,bull_normal,6.28231954574585,65.8,61.2,57.25,0.201244327886954,0.14752243406226817,0.270718090986002,0.20525099823750728,0.17526414882726848,0.1647328980117767,0.16686716955367786,0.32899540205147343,0.189404530383072,0.15,0.1974049900918774,0.19213338637434804,0.26424602978387357,0.19621559374990108,0.15,0.00413699306695676,0.004087712687645741,-4.928037931101886e-05,0.00413699306695676,0.003931663549738046,-0.0002053295172187138,0.00413699306695676,0.003921303514634583,-0.00021568955232217652
2025-08-15,bull_normal,6.668877601623535,69.2,61.1,42.25,0.20989677949339097,0.16101265674270143,0.2610030962390956,0.1944735000795848,0.1736139674452272,0.23238640441520966,0.24460426880193728,0.18324697180085084,0.2212637974918955,0.11849855749010678,0.287871227431813,0.28393945093591383,0.13688151403465892,0.21069140334083658,0.08061640425677774,0.0003171834279711641,-0.0003507603238862533,-0.0006679437518574174,0.0003171834279711641,0.00016416837105136554,-0.00015301505691979857,0.0003171834279711641,0.0008776613457029805,0.0005604779177318164
2025-08-22,bull_normal,7.149256706237793,69.24000000000001,59.95,41.75,0.20581841715810759,0.16989721441387579,0.25854093899492625,0.19978379926399925,0.16595963016909118,0.2279370343099046,0.22645518230134012,0.20389454685244104,0.25716165135678704,0.08455158517952718,0.25031352397639295,0.2414627990838372,0.2221459903162601,0.2860776866235098,6.030874584450618e-19,-0.0005773963463674037,-0.001162312452270023,-0.0005849161059026194,-0.0005773963463674037,0.0004898422871885978,0.0010672386335560014,-0.0005773963463674037,0.0011469096221783908,0.0017243059685457945
2025-08-29,bull_normal,8.64034652709961,64.5,61.1,45.5,0.20083693671168296,0.15279139157105245,0.2690520353475412,0.20530715648699,0.17201247988273338,0.17149660490847593,0.18537047318739172,0.2658061879972876,0.23616130975859467,0.1411654241482501,0.19666031803189274,0.1985136189413353,0.2556065913224347,0.2311020519141527,0.11811741979018442,0.0036796680851433434,0.0034950713075676456,-0.00018459677757569782,0.0036796680851433434,0.00355377979350585,-0.00012588829163749345,0.0036796680851433434,0.003670587487297332,-9.080597846011264e-06
2025-09-05,bull_normal,6.255481243133545,58.0,57.0,43.75,0.19952959416201885,0.13218850409772404,0.2803875943952471,0.20549860715967458,0.1823957001853356,0.16570145883798412,0.16637362490546576,0.29546834768343083,0.22245656857311935,0.15,0.19714406754296893,0.19866577701640512,0.29663715928206624,0.19966345917269193,0.10788953698586762,0.001462112109569563,0.0019630910743549733,0.0005009789647854102,0.001462112109569563,0.0022426222815485897,0.0007805101719790266,0.001462112109569563,0.0016495129117811153,0.0001874008022115523
2025-09-12,bull_normal,8.000490188598633,61.6,56.6,42.95,0.19902293901325221,0.141927434235543,0.2754366811546518,0.20687607244450898,0.17673687315204403,0.15720969103176236,0.16189738108030205,0.25399622792637416,0.2768966999615615,0.15,0.18794295935033103,0.18817960590940055,0.2591317350432671,0.2593280405876611,0.1054176591093403,0.002617501718197102,0.002370366786710678,-0.000247134931486424,0.002617501718197102,0.0027808682618235443,0.00016336654362644233,0.002617501718197102,0.002643297615650305,2.5795897453202796e-05
2025-09-19,bull_normal,4.776209831237793,58.8,55.5,34.25,0.20335022251225163,0.14444458149978032,0.2715211640248809,0.2023267048537545,0.17835732710933258,0.17058247163743642,0.17040048102079847,0.27028341770495545,0.23873362963680977,0.15,0.2509038893518643,0.25051392082088114,0.1983842768236047,0.15019791300364982,0.15,-0.0033374990439579166,-0.0030663827576483723,0.0002711162863095443,-0.0033374990439579166,-0.0031605458002272662,0.00017695324373065034,-0.0033374990439579166,-0.003058167568902927,0.00027933147505498955
2025-09-26,event_stress,40.372825622558594,62.5,56.4,45.5,0.05,0.0,0.45,0.35,0.15,0.2,0.10000000000000003,0.30000000000000004,0.4000000000000001,4.857225732735061e-17,0.2894344215694464,0.2969928905926613,0.09075312755106209,0.18355213339723922,0.13926742688959098,-0.018542166997879653,-0.01496156426025236,0.003580602737627293,-0.018542166997879653,-0.006787907072784821,0.011754259925094832,-0.018542166997879653,-0.0024121730142056146,0.016129993983674037
2025-10-03,event_stress,23.657787322998047,61.67,55.10999999999999,47.345,0.05,0.0,0.45,0.35,0.15,0.14528872315841762,0.0,0.29999999999999993,0.3999999999999999,0.1547112768415825,0.2725489365198421,0.275652151745523,0.06819153093682963,0.23360738079780538,0.15,0.002977831931867308,0.0034845872526630354,0.0005067553207957274,0.002977831931867308,0.0039882707444812825,0.0010104388126139746,0.002977831931867308,0.004326654766758576,0.001348822834891268
2025-10-10,event_stress,32.646697998046875,67.2,67.1,45.2,0.05,0.0,0.45,0.35,0.15,0.14382981594956432,3.6196089528428575e-16,0.3000000000000001,0.40000000000000013,0.1561701840504351,0.390779160128853,0.3938996719154186,0.015706545099549062,0.1153417688176623,0.08427285403851716,0.007065732491970743,0.009976520748768956,0.002910788256798213,0.007065732491970743,0.009812595717975957,0.002746863226005214,0.007065732491970743,0.0014641918597509199,-0.005601540632219823
2025-10-17,event_stress,46.85993957519531,68.9,67.6,42.3,0.05,0.0,0.45,0.35,0.15,0.13773737079191267,0.1,0.3471380500439961,0.21512457916409114,0.2,0.3390743236021031,0.3404566312512543,0.08836635526471753,0.10758916660478357,0.12451352327714159,0.008124045094333166,0.015017563812558346,0.00689351871822518,0.008124045094333166,0.007441547768359591,-0.0006824973259735752,0.008124045094333166,-0.0006550595617496966,-0.008779104656082863
2025-10-24,event_stress,34.37996292114258,70.2,74.8,40.55,0.05,0.0,0.45,0.35,0.15,0.19113814210241192,0.10000000000000003,0.3088618578975881,0.20000000000000007,0.20000000000000004,0.30060862960923035,0.29726433365647337,0.1699707062336476,0.1407932649359561,0.09136306556469281,-0.004706669147667265,-0.010113804799634592,-0.005407135651967327,-0.004706669147667265,-0.0017256348947640057,0.002981034252903259,-0.004706669147667265,0.0033730325112963505,0.008079701658963614
2025-10-31,bull_normal,12.87620735168457,66.1,64.3,45.05,0.20810062526176581,0.15274419168245287,0.2656255100325709,0.19655674005440169,0.17697293296880873,0.19793486909644303,0.20836025769036162,0.2624778869600777,0.1812269862531177,0.15,0.24512664138329499,0.2441992885351245,0.19441431517525784,0.16625975490632272,0.15,-0.00047972118844376863,0.0005144426361647493,0.000994163824608518,-0.00047972118844376863,0.00048217145757614146,0.0009618926460199101,-0.00047972118844376863,-0.0005262774931803975,-4.655630473662884e-05
2025-11-07,bull_normal,13.03089714050293,61.0,57.5,42.75,0.2024304314331665,0.13737396516602432,0.27626684374474036,0.2023943949761644,0.1815343646799043,0.1583307264956065,0.16110416685803952,0.27657612813491006,0.25398897851144403,0.15,0.18681848870334913,0.1861214728530163,0.2553166472067651,0.2217433912368694,0.14999999999999997,0.0001686074819065974,-0.0002727450756917256,-0.000441352557598323,0.0001686074819065974,-0.0005986493028084085,-0.0007672567847150059,0.0001686074819065974,-0.0003251281959335052,-0.0004937356778401025
2025-11-14,bull_normal,9.51344108581543,68.0,58.5,47.75,0.2036295597799207,0.1443064762892605,0.2708002599482208,0.20257180640777042,0.17869189757482756,0.1974678791158082,0.20896506834800946,0.2369353910784382,0.20663166145774423,0.15,0.2337543153811542,0.23133964629106782,0.19115856954925597,0.19374746877852203,0.15,1.887757172493751e-05,0.00019847753377952619,0.00017959996205458868,1.887757172493751e-05,-0.00028231660433564794,-0.00030119417606058545,1.887757172493751e-05,-0.0007626350837134369,-0.0007815126554383744
2025-11-21,bull_normal,7.855384826660156,63.1,56.8,49.7,0.20055189902406426,0.1282884308694055,0.2812046989811885,0.20465501315587817,0.18529995796946358,0.14691988218244834,0.16147505812987278,0.3555774185869378,0.19443578025524663,0.14159186084549447,0.19016906363454034,0.19416038417025616,0.33005266002767863,0.17814885390729437,0.10746903826023055,-0.011483630652473983,-0.010190891012550352,0.0012927396399236308,-0.011483630652473983,-0.00938719531013014,0.002096435342343843,-0.011483630652473983,-0.010386808104431721,0.0010968225480422616
2025-11-28,bull_normal,12.40529441833496,56.5,53.5,59.25,0.1846867256784687,0.11895594199115438,0.29259167309331957,0.22403286436524444,0.17973279487181287,0.13690094859811608,0.14497577392675604,0.35300079749725705,0.21512247997787093,0.15,0.12113865142472097,0.12445461871095424,0.39273048519947157,0.2116762446648533,0.15,0.005656167425842438,0.004721391312645742,-0.000934776113196696,0.005656167425842438,0.003977537120779027,-0.0016786303050634107,0.005656167425842438,0.003613088659409363,-0.002043078766433075
2025-12-05,bull_normal,9.878982543945312,54.5,56.0,29.5,0.19996425245797939,0.14761330046762544,0.26994453611692976,0.20799308905457675,0.17448482190288858,0.16717893346029078,0.17849116981832017,0.34280239487098196,0.1615275018504071,0.15,0.23251343520106246,0.236739046281058,0.3254213252247828,0.08913143448017034,0.11619475881292633,-0.0020485768202593763,-0.001970675443602207,7.790137665716944e-05,-0.0020485768202593763,-0.001662060603191436,0.0003865162170679404,-0.0020485768202593763,-0.00036544302239180544,0.001683133797867571
2025-12-12,bull_normal,6.793498516082764,54.19,53.69,34.84,0.20069189442055738,0.13045149141654358,0.28022145661704384,0.20444529380137694,0.18418986374447827,0.21923374941830273,0.24846551591020324,0.18769525644877735,0.1946054782227167,0.15,0.23257125479411103,0.25495998444067675,0.18851048463071127,0.17395827613450104,0.15,-0.0018893871229660915,-0.0009716407647685447,0.0009177463581975468,-0.0018893871229660915,-0.0024101421103162033,-0.0005207549873501118,-0.0018893871229660915,-0.0025093578092455072,-0.0006199706862794157
2025-12-19,bull_normal,6.885918617248535,59.3,53.1,51.2,0.19365303797740607,0.1231992268072527,0.2875375228151058,0.21225570603155447,0.183354506368681,0.10907773222803363,0.09990760231251983,0.3410146654594466,0.3,0.15,0.10945154271029835,0.10644573821487041,0.3341027190748313,0.3,0.15,-0.0004957099325687705,3.6663171888003598e-06,0.0004993762497575708,-0.0004957099325687705,0.0005126726147800054,0.0010083825473487758,-0.0004957099325687705,0.00047607791619929546,0.0009717878487680659
2025-12-26,event_stress,20.51524543762207,60.2,50.5,54.45,0.05,0.0,0.45,0.35,0.15,0.10674385020944453,0.09114929788778056,0.3,0.3021068519027749,0.2,0.23604826393056716,0.23573451734229628,0.15725366707573998,0.22096355165139664,0.15,-0.00227997366220387,-0.0009864117535441823,0.0012935619086596878,-0.00227997366220387,0.0020581510128729746,0.004338124675076845,-0.00227997366220387,0.005125233966117405,0.007405207628321275
